
INSERT INTO LUGAR(nombre_lug,tipo_lug) VALUES
('Amazonas', 'estado'),
('Anzoátegui', 'estado'),
('Apure', 'estado'),
('Aragua', 'estado'),
('Barinas', 'estado'),
('Bolívar', 'estado'),
('Carabobo', 'estado'),
('Cojedes', 'estado'),
('Delta Amacuro', 'estado'),
('Falcón', 'estado'),
('Guárico', 'estado'),
('Lara', 'estado'),
('Mérida', 'estado'),
('Miranda', 'estado'),
('Monagas', 'estado'),
('Nueva Esparta', 'estado'),
('Portuguesa', 'estado'),
('Sucre', 'estado'),
('Táchira', 'estado'),
('Trujillo', 'estado'),
('Vargas', 'estado'),
('Yaracuy', 'estado'),
('Zulia', 'estado'),
('Distrito Capital', 'estado'),
('Dependencias Federales', 'estado');

INSERT INTO LUGAR ( fk_lugar,nombre_lug,tipo_lug) VALUES
(1, 'Alto Orinoco','municipio'),
(1, 'Atabapo','municipio'),
(1, 'Atures','municipio'),
(1, 'Autana','municipio'),
(1, 'Manapiare','municipio'),
(1, 'Maroa','municipio'),
(1, 'Río Negro','municipio'),


(2, 'Anaco','municipio'),
(2, 'Aragua','municipio'),
(2, 'Manuel Ezequiel Bruzual','municipio'),
(2, 'Diego Bautista Urbaneja','municipio'),
(2, 'Fernando Peñalver','municipio'),
(2, 'Francisco Del Carmen Carvajal','municipio'),
(2, 'General Sir Arthur McGregor','municipio'),
(2, 'Guanta','municipio'),
(2, 'Independencia','municipio'),
(2, 'José Gregorio Monagas','municipio'),
(2, 'Juan Antonio Sotillo','municipio'),
(2, 'Juan Manuel Cajigal','municipio'),
(2, 'Libertad','municipio'),
(2, 'Francisco de Miranda','municipio'),
(2, 'Pedro María Freites','municipio'),
(2, 'Píritu','municipio'),
(2, 'San José de Guanipa','municipio'),
(2, 'San Juan de Capistrano','municipio'),
(2, 'Santa Ana','municipio'),
(2, 'Simón Bolívar','municipio'),
(2, 'Simón Rodríguez','municipio'),

(3, 'Achaguas','municipio'),
(3, 'Biruaca','municipio'),
(3, 'Muñóz','municipio'),
(3, 'Páez','municipio'),
(3, 'Pedro Camejo','municipio'),
(3, 'Rómulo Gallegos','municipio'),
(3, 'San Fernando','municipio'),

(4, 'Atanasio Girardot','municipio'),
(4, 'Bolívar','municipio'),
(4, 'Camatagua','municipio'),
(4, 'Francisco Linares Alcántara','municipio'),
(4, 'José Ángel Lamas','municipio'),
(4, 'José Félix Ribas','municipio'),
(4, 'José Rafael Revenga','municipio'),
(4, 'Libertador','municipio'),
(4, 'Ocumare de la Costa de Oro','municipio'),
(4, 'San Casimiro','municipio'),
(4, 'Mario Briceño Iragorry','municipio'),
(4, 'San Sebastián','municipio'),
(4, 'Santiago Mariño','municipio'),
(4, 'Santos Michelena','municipio'),
(4, 'Sucre','municipio'),
(4, 'Tovar','municipio'),
(4, 'Urdaneta','municipio'),
(4, 'Zamora','municipio'),

(5, 'Alberto Arvelo Torrealba','municipio'),
(5, 'Andrés Eloy Blanco','municipio'),
(5, 'Antonio José de Sucre','municipio'),
(5, 'Arismendi','municipio'),
(5, 'Barinas','municipio'),
(5, 'Bolívar','municipio'),
(5, 'Cruz Paredes','municipio'),
(5, 'Ezequiel Zamora','municipio'),
(5, 'Obispos','municipio'),
(5, 'Pedraza','municipio'),
(5, 'Rojas','municipio'),
(5, 'Sosa','municipio'),

(6, 'Caroní','municipio'),
(6, 'Cedeño','municipio'),
(6, 'El Callao','municipio'),
(6, 'Gran Sabana','municipio'),
(6, 'Heres','municipio'),
(6, 'Piar','municipio'),
(6, 'Angostura (Raúl Leoni)','municipio'),
(6, 'Roscio','municipio'),
(6, 'Sifontes','municipio'),
(6, 'Sucre','municipio'),
(6, 'Padre Pedro Chien','municipio'),

(7, 'Bejuma','municipio'),
(7, 'Carlos Arvelo','municipio'),
(7, 'Diego Ibarra','municipio'),
(7, 'Guacara','municipio'),
(7, 'Juan José Mora','municipio'),
(7, 'Libertador','municipio'),
(7, 'Los Guayos','municipio'),
(7, 'Miranda','municipio'),
(7, 'Montalbán','municipio'),
(7, 'Naguanagua','municipio'),
(7, 'Puerto Cabello','municipio'),
(7, 'San Diego','municipio'),
(7, 'San Joaquín','municipio'),
(7, 'Valencia','municipio'),

(8, 'Anzoátegui','municipio'),
(8, 'Tinaquillo','municipio'),
(8, 'Girardot','municipio'),
(8, 'Lima Blanco','municipio'),
(8, 'Pao de San Juan Bautista','municipio'),
(8, 'Ricaurte','municipio'),
(8, 'Rómulo Gallegos','municipio'),
(8, 'San Carlos','municipio'),
(8, 'Tinaco','municipio'),

(9, 'Antonio Díaz','municipio'),
(9, 'Casacoima','municipio'),
(9, 'Pedernales','municipio'),
(9, 'Tucupita','municipio'),

(10, 'Acosta','municipio'),
(10, 'Bolívar','municipio'),
(10, 'Buchivacoa','municipio'),
(10, 'Cacique Manaure','municipio'),
(10, 'Carirubana','municipio'),
(10, 'Colina','municipio'),
(10, 'Dabajuro','municipio'),
(10, 'Democracia','municipio'),
(10, 'Falcón','municipio'),
(10, 'Federación','municipio'),
(10, 'Jacura','municipio'),
(10, 'José Laurencio Silva','municipio'),
(10, 'Los Taques','municipio'),
(10, 'Mauroa','municipio'),
(10, 'Miranda','municipio'),
(10, 'Monseñor Iturriza','municipio'),
(10, 'Palmasola','municipio'),
(10, 'Petit','municipio'),
(10, 'Píritu','municipio'),
(10, 'San Francisco','municipio'),
(10, 'Sucre','municipio'),
(10, 'Tocópero','municipio'),
(10, 'Unión','municipio'),
(10, 'Urumaco','municipio'),
(10, 'Zamora','municipio'),

(11, 'Camaguán','municipio'),
(11, 'Chaguaramas','municipio'),
(11, 'El Socorro','municipio'),
(11, 'José Félix Ribas','municipio'),
(11, 'José Tadeo Monagas','municipio'),
(11, 'Juan Germán Roscio','municipio'),
(11, 'Julián Mellado','municipio'),
(11, 'Las Mercedes','municipio'),
(11, 'Leonardo Infante','municipio'),
(11, 'Pedro Zaraza','municipio'),
(11, 'Ortíz','municipio'),
(11, 'San Gerónimo de Guayabal','municipio'),
(11, 'San José de Guaribe','municipio'),
(11, 'Santa María de Ipire','municipio'),
(11, 'Sebastián Francisco de Miranda','municipio'),

(12, 'Andrés Eloy Blanco','municipio'),
(12, 'Crespo','municipio'),
(12, 'Iribarren','municipio'),
(12, 'Jiménez','municipio'),
(12, 'Morán','municipio'),
(12, 'Palavecino','municipio'),
(12, 'Simón Planas','municipio'),
(12, 'Torres','municipio'),
(12, 'Urdaneta','municipio'),

(13, 'Alberto Adriani','municipio'),
(13, 'Andrés Bello','municipio'),
(13, 'Antonio Pinto Salinas','municipio'),
(13, 'Aricagua','municipio'),
(13, 'Arzobispo Chacón','municipio'),
(13, 'Campo Elías','municipio'),
(13, 'Caracciolo Parra Olmedo','municipio'),
(13, 'Cardenal Quintero','municipio'),
(13, 'Guaraque','municipio'),
(13, 'Julio César Salas','municipio'),
(13, 'Justo Briceño','municipio'),
(13, 'Libertador','municipio'),
(13, 'Miranda','municipio'),
(13, 'Obispo Ramos de Lora','municipio'),
(13, 'Padre Noguera','municipio'),
(13, 'Pueblo Llano','municipio'),
(13, 'Rangel','municipio'),
(13, 'Rivas Dávila','municipio'),
(13, 'Santos Marquina','municipio'),
(13, 'Sucre','municipio'),
(13, 'Tovar','municipio'),
(13, 'Tulio Febres Cordero','municipio'),
(13, 'Zea','municipio'),

(14, 'Acevedo','municipio'),
(14, 'Andrés Bello','municipio'),
(14, 'Baruta','municipio'),
(14, 'Brión','municipio'),
(14, 'Buroz','municipio'),
(14, 'Carrizal','municipio'),
(14, 'Chacao','municipio'),
(14, 'Cristóbal Rojas','municipio'),
(14, 'El Hatillo','municipio'),
(14, 'Guaicaipuro','municipio'),
(14, 'Independencia','municipio'),
(14, 'Lander','municipio'),
(14, 'Los Salias','municipio'),
(14, 'Páez','municipio'),
(14, 'Paz Castillo','municipio'),
(14, 'Pedro Gual','municipio'),
(14, 'Plaza','municipio'),
(14, 'Simón Bolívar','municipio'),
(14, 'Sucre','municipio'),
(14, 'Urdaneta','municipio'),
(14, 'Zamora','municipio'),

(15, 'Acosta','municipio'),
(15, 'Aguasay','municipio'),
(15, 'Bolívar','municipio'),
(15, 'Caripe','municipio'),
(15, 'Cedeño','municipio'),
(15, 'Ezequiel Zamora','municipio'),
(15, 'Libertador','municipio'),
(15, 'Maturín','municipio'),
(15, 'Piar','municipio'),
(15, 'Punceres','municipio'),
(15, 'Santa Bárbara','municipio'),
(15, 'Sotillo','municipio'),
(15, 'Uracoa','municipio'),


(16, 'Antolín del Campo','municipio'),
(16, 'Arismendi','municipio'),
(16, 'García','municipio'),
(16, 'Gómez','municipio'),
(16, 'Maneiro','municipio'),
(16, 'Marcano','municipio'),
(16, 'Mariño','municipio'),
(16, 'Península de Macanao','municipio'),
(16, 'Tubores','municipio'),
(16, 'Villalba','municipio'),
(16, 'Díaz','municipio'),

(17, 'Agua Blanca','municipio'),
(17, 'Araure','municipio'),
(17, 'Esteller','municipio'),
(17, 'Guanare','municipio'),
(17, 'Guanarito','municipio'),
(17, 'Monseñor José Vicente de Unda','municipio'),
(17, 'Ospino','municipio'),
(17, 'Páez','municipio'),
(17, 'Papelón','municipio'),
(17, 'San Genaro de Boconoíto','municipio'),
(17, 'San Rafael de Onoto','municipio'),
(17, 'Santa Rosalía','municipio'),
(17, 'Sucre','municipio'),
(17, 'Turén','municipio'),

(18, 'Andrés Eloy Blanco','municipio'),
(18, 'Andrés Mata','municipio'),
(18, 'Arismendi','municipio'),
(18, 'Benítez','municipio'),
(18, 'Bermúdez','municipio'),
(18, 'Bolívar','municipio'),
(18, 'Cajigal','municipio'),
(18, 'Cruz Salmerón Acosta','municipio'),
(18, 'Libertador','municipio'),
(18, 'Mariño','municipio'),
(18, 'Mejía','municipio'),
(18, 'Montes','municipio'),
(18, 'Ribero','municipio'),
(18, 'Sucre','municipio'),
(18, 'Valdéz','municipio'),

(19, 'Andrés Bello','municipio'),
(19, 'Antonio Rómulo Costa','municipio'),
(19, 'Ayacucho','municipio'),
(19, 'Bolívar','municipio'),
(19, 'Cárdenas','municipio'),
(19, 'Córdoba','municipio'),
(19, 'Fernández Feo','municipio'),
(19, 'Francisco de Miranda','municipio'),
(19, 'García de Hevia','municipio'),
(19, 'Guásimos','municipio'),
(19, 'Independencia','municipio'),
(19, 'Jáuregui','municipio'),
(19, 'José María Vargas','municipio'),
(19, 'Junín','municipio'),
(19, 'Libertad','municipio'),
(19, 'Libertador','municipio'),
(19, 'Lobatera','municipio'),
(19, 'Michelena','municipio'),
(19, 'Panamericano','municipio'),
(19, 'Pedro María Ureña','municipio'),
(19, 'Rafael Urdaneta','municipio'),
(19, 'Samuel Darío Maldonado','municipio'),
(19, 'San Cristóbal','municipio'),
(19, 'Seboruco','municipio'),
(19, 'Simón Rodríguez','municipio'),
(19, 'Sucre','municipio'),
(19, 'Torbes','municipio'),
(19, 'Uribante','municipio'),
(19, 'San Judas Tadeo','municipio'),

(20, 'Andrés Bello','municipio'),
(20, 'Boconó','municipio'),
(20, 'Bolívar','municipio'),
(20, 'Candelaria','municipio'),
(20, 'Carache','municipio'),
(20, 'Escuque','municipio'),
(20, 'José Felipe Márquez Cañizalez','municipio'),
(20, 'Juan Vicente Campos Elías','municipio'),
(20, 'La Ceiba','municipio'),
(20, 'Miranda','municipio'),
(20, 'Monte Carmelo','municipio'),
(20, 'Motatán','municipio'),
(20, 'Pampán','municipio'),
(20, 'Pampanito','municipio'),
(20, 'Rafael Rangel','municipio'),
(20, 'San Rafael de Carvajal','municipio'),
(20, 'Sucre','municipio'),
(20, 'Trujillo','municipio'),
(20, 'Urdaneta','municipio'),
(20, 'Valera','municipio'),

(21, 'Vargas','municipio'),

(22, 'Arístides Bastidas','municipio'),
(22, 'Bolívar','municipio'),
(22, 'Bruzual','municipio'),
(22, 'Cocorote','municipio'),
(22, 'Independencia','municipio'),
(22, 'José Antonio Páez','municipio'),
(22, 'La Trinidad','municipio'),
(22, 'Manuel Monge','municipio'),
(22, 'Nirgua','municipio'),
(22, 'Peña','municipio'),
(22, 'San Felipe','municipio'),
(22, 'Sucre','municipio'),
(22, 'Urachiche','municipio'),
(22, 'José Joaquín Veroes','municipio'),

(23, 'Almirante Padilla','municipio'),
(23, 'Baralt','municipio'),
(23, 'Cabimas','municipio'),
(23, 'Catatumbo','municipio'),
(23, 'Colón','municipio'),
(23, 'Francisco Javier Pulgar','municipio'),
(23, 'Páez','municipio'),
(23, 'Jesús Enrique Losada','municipio'),
(23, 'Jesús María Semprún','municipio'),
(23, 'La Cañada de Urdaneta','municipio'),
(23, 'Lagunillas','municipio'),
(23, 'Machiques de Perijá','municipio'),
(23, 'Mara','municipio'),
(23, 'Maracaibo','municipio'),
(23, 'Miranda','municipio'),
(23, 'Rosario de Perijá','municipio'),
(23, 'San Francisco','municipio'),
(23, 'Santa Rita','municipio'),
(23, 'Simón Bolívar','municipio'),
(23, 'Sucre','municipio'),
(23, 'Valmore Rodríguez','municipio'),
(24, 'Libertador','municipio');


INSERT INTO LUGAR ( fk_lugar,nombre_lug,tipo_lug) VALUES
(26,'Alto Orinoco','parroquia'),
(26, 'Huachamacare Acanaña','parroquia'),
(26, 'Marawaka Toky Shamanaña','parroquia'),
(26, 'Mavaka Mavaka','parroquia'),
(26, 'Sierra Parima Parimabé','parroquia'),

(27, 'Ucata Laja Lisa','parroquia'),
(27, 'Yapacana Macuruco','parroquia'),
(27, 'Caname Guarinuma','parroquia'),
(27, 'San Fernando de Atabapo','parroquia'),

(28, 'Fernando Girón Tovar','parroquia'),
(28, 'Luis Alberto Gómez','parroquia'),
(28, 'Pahueña Limón de Parhueña','parroquia'),
(28, 'Platanillal Platanillal','parroquia'),

(29, 'Samariapo','parroquia'),
(29, 'Sipapo','parroquia'),
(29, 'Munduapo','parroquia'),
(29, 'Guayapo','parroquia'),
(29, 'Isla Ratón','parroquia'),

(30, 'Alto Ventuari','parroquia'),
(30, 'Medio Ventuari','parroquia'),
(30, 'Bajo Ventuari','parroquia'),
(30, 'San Juan de Manapiare','parroquia'),

(31, 'Maroa','parroquia'),
(31, 'Victorino','parroquia'),
(31, 'Comunidad','parroquia'),

(32, 'Casiquiare','parroquia'),
(32, 'Cocuy','parroquia'),
(32, 'San Carlos de Río Negro','parroquia'),
(32, 'Solano','parroquia'),

(33, 'Anaco','parroquia'),
(33, 'San Joaquín','parroquia'),
(33, 'Buena Vista','parroquia'),

(34, 'Cachipo','parroquia'),
(34, 'Aragua de Barcelona','parroquia'),


(35, 'Clarines','parroquia'),
(35, 'Guanape','parroquia'),
(35, 'Sabana de Uchire','parroquia'),

(36, 'Lechería','parroquia'),
(36, 'El Morro','parroquia'),

(37, 'Puerto Píritu','parroquia'),
(37, 'San Miguel','parroquia'),
(37, 'Sucre','parroquia'),

(38, 'Valle de Guanape','parroquia'),
(38, 'Santa Bárbara','parroquia'),


(39, 'El Chaparro','parroquia'),
(39, 'Tomás Alfaro','parroquia'),
(39, 'Calatrava','parroquia'),

(40, 'Guanta','parroquia'),
(40, 'Chorrerón','parroquia'),

(41, 'Mamo','parroquia'),
(41, 'Soledad','parroquia'),

(42, 'Mapire','parroquia'),
(42, 'Piar','parroquia'),
(42, 'Santa Clara','parroquia'),
(42, 'San Diego de Cabrutica','parroquia'),
(42, 'Uverito','parroquia'),
(42, 'Zuata','parroquia'),

(43,'Puerto La Cruz','parroquia'),
(43,'Pozuelos','parroquia'),

(44, 'Onoto','parroquia'),
(44, 'San Pablo','parroquia'),

(45, 'San Mateo','parroquia'),
(45, 'El Carito','parroquia'),
(45, 'Santa Inés','parroquia'),
(45, 'La Romereña','parroquia'),

(46, 'Atapirire','parroquia'),
(46, 'Boca del Pao','parroquia'),
(46, 'El Pao','parroquia'),
(46, 'Pariaguán','parroquia'),

(47, 'Cantaura','parroquia'),
(47, 'Libertador','parroquia'),
(47, 'Santa Rosa','parroquia'),
(47, 'Urica','parroquia'),

(48, 'Píritu','parroquia'),
(48, 'San Francisco','parroquia'),

(49, 'San José de Guanipa','parroquia'),

(50, 'Boca de Uchire','parroquia'),
(50, 'Boca de Chávez','parroquia'),

(51, 'Pueblo Nuevo','parroquia'),
(51, 'Santa Ana','parroquia'),

(52, 'Bergantín','parroquia'),
(52, 'Caigua','parroquia'),
(52, 'El Carmen','parroquia'),
(52, 'El Pilar','parroquia'),
(52, 'Naricual','parroquia'),
(52, 'San Crsitóbal','parroquia'),

(53, 'Edmundo Barrios','parroquia'),
(53, 'Miguel Otero Silva','parroquia'),


(54, 'Achaguas','parroquia'),
(54, 'Apurito','parroquia'),
(54, 'El Yagual','parroquia'),
(54, 'Guachara','parroquia'),
(54, 'Mucuritas','parroquia'),
(54, 'Queseras del medio','parroquia'),


(55, 'Biruaca','parroquia'),


(56, 'Bruzual','parroquia'),
(56, 'Mantecal','parroquia'),
(56, 'Quintero','parroquia'),
(56, 'Rincón Hondo','parroquia'),
(56, 'San Vicente','parroquia'),


(57, 'Guasdualito','parroquia'),
(57, 'Aramendi','parroquia'),
(57, 'El Amparo','parroquia'),
(57, 'San Camilo','parroquia'),
(57, 'Urdaneta','parroquia'),


(58, 'San Juan de Payara','parroquia'),
(58, 'Codazzi','parroquia'),
(58, 'Cunaviche','parroquia'),

(59, 'Elorza','parroquia'),
(59, 'La Trinidad','parroquia'),

(60, 'San Fernando','parroquia'),
(60, 'El Recreo','parroquia'),
(60, 'Peñalver','parroquia'),
(60, 'San Rafael de Atamaica','parroquia'),

(61, 'Pedro José Ovalles','parroquia'),
(61, 'Joaquín Crespo','parroquia'),
(61, 'José Casanova Godoy','parroquia'),
(61, 'Madre María de San José','parroquia'),
(61, 'Andrés Eloy Blanco','parroquia'),
(61, 'Los Tacarigua','parroquia'),
(61, 'Las Delicias','parroquia'),
(61,'Choroní','parroquia'),

(62, 'Bolívar','parroquia'),

(63, 'Camatagua','parroquia'),
(63, 'Carmen de Cura','parroquia'),

(64, 'Santa Rita','parroquia'),
(64, 'Francisco de Miranda','parroquia'),
(64, 'Moseñor Feliciano González','parroquia'),



(65, 'Santa Cruz','parroquia'),

(66, 'José Félix Ribas','parroquia'),
(66, 'Castor Nieves Ríos','parroquia'),
(66, 'Las Guacamayas','parroquia'),
(66, 'Pao de Zárate','parroquia'),
(66, 'Zuata','parroquia'),

(67, 'José Rafael Revenga','parroquia'),
(67, 'El Consejo','parroquia'),

(68, 'Palo Negro','parroquia'),
(68, 'San Martín de Porres','parroquia'),


(69, 'Ocumare de la Costa','parroquia'),

(70, 'San Casimiro','parroquia'),
(70, 'Güiripa','parroquia'),
(70, 'Ollas de Caramacate','parroquia'),
(70, 'Valle Morín','parroquia'),

(71, 'El Limón','parroquia'),
(71, 'Caña de Azúcar','parroquia'),


(72, 'San Sebastían','parroquia'),



(73, 'Turmero','parroquia'),
(73, 'Arevalo Aponte','parroquia'),
(73, 'Chuao','parroquia'),
(73, 'Samán de Güere','parroquia'),
(73, 'Alfredo Pacheco Miranda','parroquia'),

(74, 'Santos Michelena','parroquia'),
(74, 'Tiara','parroquia'),



(75, 'Cagua','parroquia'),
(75, 'Bella Vista','parroquia'),

(76, 'Tovar','parroquia'),

(77, 'Urdaneta','parroquia'),
(77, 'Las Peñitas','parroquia'),
(77, 'San Francisco de Cara','parroquia'),
(77, 'Taguay','parroquia'),


(78, 'Zamora','parroquia'),
(78, 'Magdaleno','parroquia'),
(78, 'San Francisco de Asís','parroquia'),
(78, 'Valles de Tucutunemo','parroquia'),
(78, 'Augusto Mijares','parroquia'),


(79, 'Sabaneta','parroquia'),
(79, 'Juan Antonio Rodríguez Domínguez','parroquia'),

(80, 'El Cantón','parroquia'),
(80, 'Santa Cruz de Guacas','parroquia'),
(80, 'Puerto Vivas','parroquia'),

(81, 'Ticoporo','parroquia'),
(81, 'Nicolás Pulido','parroquia'),
(81, 'Andrés Bello','parroquia'),

(82, 'Arismendi','parroquia'),
(82, 'Guadarrama','parroquia'),
(82, 'La Unión','parroquia'),
(82, 'San Antonio','parroquia'),

(83, 'Barinas','parroquia'),
(83, 'Alberto Arvelo Larriva','parroquia'),
(83, 'San Silvestre','parroquia'),
(83, 'Santa Inés','parroquia'),
(83, 'Santa Lucía','parroquia'),
(83, 'Torumos','parroquia'),
(83, 'El Carmen','parroquia'),
(83, 'Rómulo Betancourt','parroquia'),
(83, 'Corazón de Jesús','parroquia'),
(83, 'Ramón Ignacio Méndez','parroquia'),
(83, 'Alto Barinas','parroquia'),
(83, 'Manuel Palacio Fajardo','parroquia'),
(83, 'Juan Antonio Rodríguez Domínguez','parroquia'),
(83, 'Dominga Ortiz de Páez','parroquia'),

(84, 'Barinitas','parroquia'),
(84, 'Altamira de Cáceres','parroquia'),
(84, 'Calderas','parroquia'),

(85, 'Barrancas','parroquia'),
(85, 'El Socorro','parroquia'),
(85, 'Mazparrito','parroquia'),

(86, 'Santa Bárbara','parroquia'),
(86, 'Pedro Briceño Méndez','parroquia'),
(86, 'Ramón Ignacio Méndez','parroquia'),
(86, 'José Ignacio del Pumar','parroquia'),

(87, 'Obispos','parroquia'),
(87, 'Guasimitos','parroquia'),
(87, 'El Real','parroquia'),
(87, 'La Luz','parroquia'),

(88, 'Ciudad Bolívia','parroquia'),
(88, 'José Ignacio Briceño','parroquia'),
(88, 'José Félix Ribas','parroquia'),
(88, 'Páez','parroquia'),

(89, 'Libertad','parroquia'),
(89, 'Dolores','parroquia'),
(89, 'Santa Rosa','parroquia'),
(89, 'Palacio Fajardo','parroquia'),
(89, 'Simón Rodríguez','parroquia'),


(90, 'Ciudad de Nutrias','parroquia'),
(90, 'El Regalo','parroquia'),
(90, 'Puerto Nutrias','parroquia'),
(90, 'Santa Catalina','parroquia'),
(90, 'Simón Bolívar','parroquia'),

(91, 'Cachamay','parroquia'),
(91, 'Chirica','parroquia'),
(91, 'Dalla Costa','parroquia'),
(91, 'Once de Abril','parroquia'),
(91, 'Simón Bolívar','parroquia'),
(91, 'Unare','parroquia'),
(91, 'Universidad','parroquia'),
(91, 'Vista al Sol','parroquia'),
(91, 'Pozo Verde','parroquia'),
(91, 'Yocoima','parroquia'),
(91, '5 de Julio','parroquia'),

(92, 'Cedeño','parroquia'),
(92, 'Altagracia','parroquia'),
(92, 'Ascensión Farreras','parroquia'),
(92, 'Guaniamo','parroquia'),
(92, 'La Urbana','parroquia'),
(92, 'Pijiguaos','parroquia'),

(93, 'El Callao','parroquia'),

(94, 'Gran Sabana','parroquia'),
(94, 'Ikabarú','parroquia'),

(95, 'Catedral','parroquia'),
(95, 'Zea','parroquia'),
(95, 'Orinoco','parroquia'),
(95, 'José Antonio Páez','parroquia'),
(95, 'Marhuanta','parroquia'),
(95, 'Agua Salada','parroquia'),
(95, 'Vista Hermosa','parroquia'),
(95, 'La Sabanita','parroquia'),
(95, 'Panapana','parroquia'),

(96, 'Andrés Eloy Blanco','parroquia'),
(96, 'Upata','parroquia'),
(96, 'Pedro Cova','parroquia'),

(97, 'Raúl Leoni','parroquia'),
(97, 'Barceloneta','parroquia'),
(97, 'Santa Bárbara','parroquia'),
(97, 'San Francisco','parroquia'),

(98, 'Roscio','parroquia'),
(98, 'Salóm','parroquia'),

(99, 'Sifontes','parroquia'),
(99, 'Dalla Costa','parroquia'),
(99, 'San Isidro','parroquia'),

(100, 'Sucre','parroquia'),
(100, 'Aripao','parroquia'),
(100, 'Guarataro','parroquia'),
(100, 'Las Majadas','parroquia'),
(100, 'Moitaco','parroquia'),

(101, 'Padre Pedro Chien','parroquia'),
(101, 'Río Grande','parroquia'),


(102, 'Canoabo','parroquia'),
(102, 'Simón Bolívar','parroquia'),


(103, 'Güigüe','parroquia'),
(103, 'Carabobo','parroquia'),
(103, 'Tacarigua','parroquia'),

(104, 'Mariara','parroquia'),
(104, 'Aguas Calientes','parroquia'),

(105, 'Ciudad Alianza','parroquia'),
(105, 'Guacara','parroquia'),
(105, 'Yagua','parroquia'),

(106, 'Morón','parroquia'),
(106, 'Yagua','parroquia'),

(107, 'Tocuyito','parroquia'),
(107, 'Independencia','parroquia'),
	
(108, 'Los Guayos','parroquia'),

(109, 'Miranda','parroquia'),

(110, 'Montalbán','parroquia'),

(111, 'Naguanagua','parroquia'),


(112, 'Bartolomé Salóm','parroquia'),
(112, 'Democracia','parroquia'),
(112, 'Fraternidad','parroquia'),
(112, 'Goaigoaza','parroquia'),
(112, 'Juan José Flores','parroquia'),
(112, 'Unión','parroquia'),
(112, 'Borburata','parroquia'),
(112, 'Patanemo','parroquia'),

(113, 'San Diego','parroquia'),

(114, 'San Joaquín','parroquia'),

(115, 'Candelaria','parroquia'),
(115, 'Catedral','parroquia'),
(115, 'El Socorro','parroquia'),
(115, 'Miguel Peña','parroquia'),
(115, 'Rafael Urdaneta','parroquia'),
(115, 'San Blas','parroquia'),
(115, 'San José','parroquia'),
(115, 'Santa Rosa','parroquia'),
(115, 'Negro Primero','parroquia'),

(116, 'Cojedes','parroquia'),
(116, 'Juan de Mata Suárez','parroquia'),

(117, 'Tinaquillo','parroquia'),

(118, 'El Baúl','parroquia'),
(118, 'Sucre','parroquia'),

(119, 'La Aguadita','parroquia'),
(119, 'Macapo','parroquia'),


(120, 'El Pao','parroquia'),

(121, 'El Amparo','parroquia'),
(121, 'Libertad de Cojedes','parroquia'),

(122, 'Rómulo Gallegos','parroquia'),

(123, 'San Carlos de Austria','parroquia'),
(123, 'Juan Ángel Bravo','parroquia'),
(123, 'Manuel Manrique','parroquia'),

(124, 'General en Jefe José Laurencio Silva','parroquia'),

(125, 'Curiapo','parroquia'),
(125, 'Almirante Luis Brión','parroquia'),
(125, 'Francisco Aniceto Lugo','parroquia'),
(125, 'Manuel Renaud','parroquia'),
(125, 'Padre Barral','parroquia'),
(125, 'Santos de Abelgas','parroquia'),

(126, 'Imataca','parroquia'),
(126, 'Juan Bautista Arismendi','parroquia'),
(126, 'Manuel Piar','parroquia'),
(126, 'Rómulo Gallegos','parroquia'),

(127, 'Pedernales','parroquia'),
(127, 'Luis Beltrán Prieto Figueroa','parroquia'),

(128, 'San José','parroquia'),
(128, 'José Vidal Marcano','parroquia'),
(128, 'Juan Millán','parroquia'),
(128, 'Leonardo Ruíz Pineda','parroquia'),
(128, 'Mariscal Antonio José de Sucre','parroquia'),
(128, 'Monseñor Argimiro García','parroquia'),
(128, 'San Rafael (Delta Amacuro)','parroquia'),
(128, 'Virgen del Valle','parroquia'),

(129, 'Capadare','parroquia'),
(129, 'La Pastora','parroquia'),
(129, 'Libertador','parroquia'),
(129, 'San Juan de los Cayos','parroquia'),

(130, 'Aracua','parroquia'),
(130, 'La Peña','parroquia'),
(130, 'San Luis','parroquia'),

(131, 'Bariro','parroquia'),
(131, 'Borojó','parroquia'),
(131, 'Capatárida','parroquia'),
(131, 'Guajiro','parroquia'),
(131, 'Seque','parroquia'),
(131, 'Zazárida','parroquia'),
(131, 'Valle de Eroa','parroquia'),

(132, 'Cacique Manaure','parroquia'),

(133, 'Norte','parroquia'),
(133, 'Carirubana','parroquia'),
(133, 'Santa Ana','parroquia'),
(133, 'Urbana Punta Cardón','parroquia'),

(134, 'La Vela de Coro','parroquia'),
(134, 'Acurigua','parroquia'),
(134, 'Guaibacoa','parroquia'),
(134, 'Las Calderas','parroquia'),
(134, 'Macoruca','parroquia'),


(135, 'Dabajuro','parroquia'),

(136, 'Agua Clara','parroquia'),
(136, 'Avaria','parroquia'),
(136, 'Pedregal','parroquia'),
(136, 'Piedra Grande','parroquia'),
(136, 'Purureche','parroquia'),

(137, 'Adaure','parroquia'),
(137, 'Adícora','parroquia'),
(137, 'Baraived','parroquia'),
(137, 'Buena Vista','parroquia'),
(137, 'Jadacaquiva','parroquia'),
(137, 'El Vínculo','parroquia'),
(137, 'El Hato','parroquia'),
(137, 'Moruy','parroquia'),
(137, 'Pueblo Nuevo','parroquia'),

(138, 'Agua Larga','parroquia'),
(138, 'Churuguara','parroquia'),
(138, 'El Paují','parroquia'),
(138, 'Independencia','parroquia'),
(138, 'Mapararí','parroquia'),

(139, 'Agua Linda','parroquia'),
(139, 'Araurima','parroquia'),
(139, 'Jacura','parroquia'),

(140, 'Tucacas','parroquia'),
(140, 'Boca de Aroa','parroquia'),

(141, 'Los Taques','parroquia'),
(141, 'Judibana','parroquia'),

(142, 'Mene de Mauroa','parroquia'),
(142, 'San Félix','parroquia'),
(142, 'Casigua','parroquia'),

(143, 'Guzmán Guillermo','parroquia'),
(143, 'Mitare','parroquia'),
(143, 'Río Seco','parroquia'),
(143, 'Sabaneta','parroquia'),
(143, 'San Antonio','parroquia'),
(143, 'San Gabriel','parroquia'),
(143, 'Santa Ana','parroquia'),


(144, 'Boca del Tocuyo','parroquia'),
(144, 'Chichiriviche','parroquia'),
(144, 'Tocuyo de la Costa','parroquia'),

(145, 'Palmasola','parroquia'),

(146, 'Cabure','parroquia'),
(146, 'Colina','parroquia'),
(146, 'Curimagua','parroquia'),


(147, 'San José de la Costa','parroquia'),
(147, 'Píritu','parroquia'),


(148, 'San Francisco','parroquia'),


(149, 'Sucre','parroquia'),
(149, 'Pecaya','parroquia'),


(150, 'Tocópero','parroquia'),

(151, 'El Charal','parroquia'),
(151, 'Las Vegas del Tuy','parroquia'),
(151, 'Santa Cruz de Bucaral','parroquia'),

(152, 'Bruzual','parroquia'),
(152, 'Urumaco','parroquia'),

(153, 'Puerto Cumarebo','parroquia'),
(153, 'La Ciénaga','parroquia'),
(153, 'La Soledad','parroquia'),
(153, 'Pueblo Cumarebo','parroquia'),
(153, 'Zazárida','parroquia'),

--(155, 'Churuguara'),

(154, 'Camaguán','parroquia'),
(154, 'Puerto Miranda','parroquia'),
(154, 'Uverito','parroquia'),


(155, 'Chaguaramas','parroquia'),

(156, 'El Socorro','parroquia'),

(157, 'Tucupido','parroquia'),
(157, 'San Rafael de Laya','parroquia'),

(158, 'Altagracia de Orituco','parroquia'),
(158, 'San Rafael de Orituco','parroquia'),
(158, 'San Francisco Javier de Lezama','parroquia'),
(158, 'Paso Real de Macaira','parroquia'),
(158, 'Carlos Soublette','parroquia'),
(158, 'San Francisco de Macaira','parroquia'),
(158, 'Libertad de Orituco','parroquia'),

(159, 'Cantagallo','parroquia'),
(159, 'San Juan de los Morros','parroquia'),
(159, 'Parapara','parroquia'),

(160, 'El Sombrero','parroquia'),
(160, 'Sosa','parroquia'),


(161, 'Las Mercedes','parroquia'),
(161, 'Cabruta','parroquia'),
(161, 'Santa Rita de Manapire','parroquia'),

(162, 'Valle de la Pascua','parroquia'),
(162, 'Espino','parroquia'),

(163, 'San José de Unare','parroquia'),
(163, 'Zaraza','parroquia'),

(164, 'San José de Tiznados','parroquia'),
(164, 'San Francisco de Tiznados','parroquia'),
(164, 'San Lorenzo de Tiznados','parroquia'),
(164, 'Ortiz','parroquia'),

(165, 'Guayabal','parroquia'),
(165, 'Cazorla','parroquia'),

(166, 'San José de Guaribe','parroquia'),

(167, 'Santa María de Ipire','parroquia'),
(167, 'Altamira','parroquia'),

(168, 'El Calvario','parroquia'),
(168, 'El Rastro','parroquia'),
(168, 'Guardatinajas','parroquia'),
(168, 'Capital Urbana Calabozo','parroquia'),

(169, 'Quebrada Honda de Guache','parroquia'),
(169, 'Pío Tamayo','parroquia'),
(169, 'Yacambú','parroquia'),

(170, 'Fréitez','parroquia'),
(170, 'José María Blanco','parroquia'),


(171, 'Catedral','parroquia'),
(171, 'Concepción','parroquia'),
(171, 'El Cují','parroquia'),
(171, 'Juan de Villegas','parroquia'),
(171, 'Santa Rosa','parroquia'),
(171, 'Tamaca','parroquia'),
(171, 'Unión','parroquia'),
(171, 'Aguedo Felipe Alvarado','parroquia'),
(171, 'Buena Vista','parroquia'),
(171, 'Juárez','parroquia'),

(172, 'Juan Bautista Rodríguez','parroquia'),
(172, 'Cuara','parroquia'),
(172, 'Diego de Lozada','parroquia'),
(172, 'Paraíso de San José','parroquia'),
(172, 'San Miguel','parroquia'),
(172, 'Tintorero','parroquia'),
(172, 'José Bernardo Dorante','parroquia'),
(172, 'Coronel Mariano Peraza ','parroquia'),


(173, 'Bolívar','parroquia'),
(173, 'Anzoátegui','parroquia'),
(173, 'Guarico','parroquia'),
(173, 'Hilario Luna y Luna','parroquia'),
(173, 'Humocaro Alto','parroquia'),
(173, 'Humocaro Bajo','parroquia'),
(173, 'La Candelaria','parroquia'),
(173, 'Morán','parroquia'),

(174, 'Cabudare','parroquia'),
(174, 'José Gregorio Bastidas','parroquia'),
(174, 'Agua Viva','parroquia'),

(175,'Sarare','parroquia'),
(175,'Buría','parroquia'),
(175,'Gustavo Vegas León','parroquia'),

(176,'Trinidad Samuel','parroquia'),
(176,'Antonio Díaz','parroquia'),
(176,'Camacaro','parroquia'),
(176,'Castañeda','parroquia'),
(176,'Cecilio Zubillaga','parroquia'),
(176,'Chiquinquirá','parroquia'),
(176,'El Blanco','parroquia'),
(176,'Espinoza de los Monteros','parroquia'),
(176,'Lara','parroquia'),
(176,'Las Mercedes','parroquia'),
(176,'Manuel Morillo','parroquia'),
(176,'Montaña Verde','parroquia'),
(176,'Montes de Oca','parroquia'),
(176,'Torres','parroquia'),
(176,'Heriberto Arroyo','parroquia'),
(176,'Reyes Vargas','parroquia'),
(176,'Altagracia','parroquia'),



(177, 'Siquisique','parroquia'),
(177, 'Moroturo','parroquia'),
(177, 'San Miguel','parroquia'),
(177, 'Xaguas','parroquia'),

(178, 'Presidente Betancourt','parroquia'),
(178, 'Presidente Páez','parroquia'),
(178, 'Presidente Rómulo Gallegos','parroquia'),
(178, 'Gabriel Picón González','parroquia'),
(178, 'Héctor Amable Mora','parroquia'),
(178, 'José Nucete Sardi','parroquia'),
(178, 'Pulido Méndez','parroquia'),

(179, 'La Azulita','parroquia'),

(180, 'Santa Cruz de Mora','parroquia'),
(180, 'Mesa Bolívar','parroquia'),
(180, 'Mesa de Las Palmas','parroquia'),

(181, 'Aricagua','parroquia'),
(181, 'San Antonio','parroquia'),

(182, 'Canagua','parroquia'),
(182, 'Capurí','parroquia'),
(182, 'Chacantá','parroquia'),
(182, 'El Molino','parroquia'),
(182, 'Guaimaral','parroquia'),
(182, 'Mucutuy','parroquia'),
(182, 'Mucuchachí','parroquia'),

(183, 'Fernández Peña','parroquia'),
(183, 'Matriz','parroquia'),
(183, 'Montalbán','parroquia'),
(183, 'Acequias','parroquia'),
(183, 'Jají','parroquia'),
(183, 'La Mesa','parroquia'),
(183, 'San José del Sur','parroquia'),

(184, 'Tucaní','parroquia'),
(184, 'Florencio Ramírez','parroquia'),


(185, 'Santo Domingo','parroquia'),
(185, 'Las Piedras','parroquia'),

(186, 'Guaraque','parroquia'),
(186, 'Mesa de Quintero','parroquia'),
(186, 'Río Negro','parroquia'),

(187, 'Arapuey','parroquia'),
(187, 'Palmira','parroquia'),

(188, 'San Cristóbal de Torondoy','parroquia'),
(188, 'Torondoy','parroquia'),

(189, 'Antonio Spinetti Dini','parroquia'),
(189, 'Arias','parroquia'),
(189, 'Caracciolo Parra Pérez','parroquia'),
(189, 'Domingo Peña','parroquia'),
(189, 'El Llano','parroquia'),
(189, 'Gonzalo Picón Febres','parroquia'),
(189, 'Jacinto Plaza','parroquia'),
(189, 'Juan Rodríguez Suárez','parroquia'),
(189, 'Lasso de la Vega','parroquia'),
(189, 'Mariano Picón Salas','parroquia'),
(189, 'Milla','parroquia'),
(189, 'Osuna Rodríguez','parroquia'),
(189, 'Sagrario','parroquia'),
(189, 'El Morro','parroquia'),
(189, 'Los Nevados','parroquia'),


(190, 'Andrés Eloy Blanco','parroquia'),
(190, 'La Venta','parroquia'),
(190, 'Piñango','parroquia'),
(190, 'Timotes','parroquia'),

(191, 'Eloy Paredes','parroquia'),
(191, 'San Rafael de Alcázar','parroquia'),
(191, 'Santa Elena de Arenales','parroquia'),

(192, 'Santa María de Caparo','parroquia'),

(193, 'Pueblo Llano','parroquia'),

(194, 'Cacute','parroquia'),
(194, 'La Toma','parroquia'),
(194, 'Mucuchíes','parroquia'),
(194, 'Mucurubá','parroquia'),
(194, 'San Rafael','parroquia'),


(195, 'Gerónimo Maldonado','parroquia'),
(195, 'Bailadores','parroquia'),

(196, 'Tabay','parroquia'),

(197, 'Chiguará','parroquia'),
(197, 'Estánquez','parroquia'),
(197, 'Lagunillas','parroquia'),
(197, 'La Trampa','parroquia'),
(197, 'Pueblo Nuevo del Sur','parroquia'),
(197, 'San Juan','parroquia'),

(198, 'El Amparo','parroquia'),
(198, 'El Llano','parroquia'),
(198, 'San Francisco','parroquia'),
(198, 'Tovar','parroquia'),

(199, 'Independencia','parroquia'),
(199, 'María de la Concepción Palacios Blanco','parroquia'),
(199, 'Nueva Bolivia','parroquia'),
(199, 'Santa Apolonia','parroquia'),

(200, 'Caño El Tigre','parroquia'),
(200, 'Zea','parroquia'),

(201, 'Aragüita','parroquia'),
(201, 'Arévalo González','parroquia'),
(201, 'Capaya','parroquia'),
(201, 'Caucagua','parroquia'),
(201, 'Panaquire','parroquia'),
(201, 'Ribas','parroquia'),
(201, 'El Café','parroquia'),
(201, 'Marizapa','parroquia'),

(202, 'Cumbo','parroquia'),
(202, 'San José de Barlovento','parroquia'),

(203, 'El Cafetal','parroquia'),
(203, 'Las Minas','parroquia'),

(204, 'Higuerote','parroquia'),
(204, 'Curiepe','parroquia'),
(204, 'Tacarigua de Brión','parroquia'),

(205, 'Mamporal','parroquia'),

(206, 'Carrizal','parroquia'),

(207, 'Chacao','parroquia'),

(208, 'Charallave','parroquia'),
(208, 'Las Brisas','parroquia'),



(209, 'El Hatillo','parroquia'),

(210, 'Altagracia de la Montaña','parroquia'),
(210, 'Cecilio Acosta','parroquia'),
(210, 'Los Teques','parroquia'),
(210, 'El Jarillo','parroquia'),
(210, 'San Pedro','parroquia'),
(210, 'Tácata','parroquia'),
(210, 'Paracotos','parroquia'),

(211, 'Cartanal','parroquia'),
(211, 'Santa Teresa del Tuy','parroquia'),

(212, 'La Democracia','parroquia'),
(212, 'Ocumare del Tuy','parroquia'),
(212, 'Santa Bárbara','parroquia'),

(213, 'San Antonio de los Altos','parroquia'),

(214, 'Río Chico','parroquia'),
(214, 'El Guapo','parroquia'),
(214, 'Tacarigua de la Laguna','parroquia'),
(214, 'Paparo','parroquia'),
(214, 'San Fernando del Guapo','parroquia'),

(215, 'Santa Lucía del Tuy','parroquia'),

(216, 'Cúpira','parroquia'),
(216, 'Machurucuto','parroquia'),

(217, 'Guarenas','parroquia'),

(218, 'San Antonio de Yare','parroquia'),
(218, 'San Francisco de Yare','parroquia'),



(219, 'Leoncio Martínez','parroquia'),
(219, 'Petare','parroquia'),
(219, 'Caucagüita','parroquia'),
(219, 'Filas de Mariche','parroquia'),
(219, 'La Dolorita','parroquia'),


(220, 'Cúa','parroquia'),
(220, 'Nueva Cúa','parroquia'),

(221, 'Guatire','parroquia'),
(221, 'Bolívar','parroquia'),

(222, 'San Antonio de Maturín','parroquia'),
(222, 'San Francisco de Maturín','parroquia'),

(223, 'Aguasay','parroquia'),

(224, 'Caripito','parroquia'),

(225, 'El Guácharo','parroquia'),
(225, 'La Guanota','parroquia'),
(225, 'Sabana de Piedra','parroquia'),
(225, 'San Agustín','parroquia'),
(225, 'Teresen','parroquia'),
(225, 'Caripe','parroquia'),


(226, 'Areo','parroquia'),
(226, 'Capital Cedeño','parroquia'),
(226, 'San Félix de Cantalicio','parroquia'),
(226, 'Viento Fresco','parroquia'),

(227, 'El Tejero','parroquia'),
(227, 'Punta de Mata','parroquia'),

(228, 'Chaguaramas','parroquia'),
(228, 'Las Alhuacas','parroquia'),
(228, 'Tabasca','parroquia'),
(228, 'Temblador','parroquia'),


(229, 'Alto de los Godos','parroquia'),
(229, 'Boquerón','parroquia'),
(229, 'Las Cocuizas','parroquia'),
(229, 'La Cruz','parroquia'),
(229, 'San Simón','parroquia'),
(229, 'El Corozo','parroquia'),
(229, 'El Furrial','parroquia'),
(229, 'Jusepín','parroquia'),
(229, 'La Pica','parroquia'),
(229, 'San Vicente','parroquia'),

(230, 'Aparicio','parroquia'),
(230, 'Aragua de Maturín','parroquia'),
(230, 'Chaguamal','parroquia'),
(230, 'El Pinto','parroquia'),
(230, 'Guanaguana','parroquia'),
(230, 'La Toscana','parroquia'),
(230, 'Taguaya','parroquia'),

(231, 'Cachipo','parroquia'),
(231, 'Quiriquire','parroquia'),

(232, 'Santa Bárbara','parroquia'),
(232, 'Morón','parroquia'),

(233, 'Barrancas','parroquia'),
(233, 'Los Barrancos de Fajardo','parroquia'),

(234, 'Uracoa','parroquia'),


(235, 'Antolín del Campo','parroquia'),

(236, 'Arismendi','parroquia'),

(237, 'García','parroquia'),
(237, 'Francisco Fajardo','parroquia'),

(238, 'Bolívar','parroquia'),
(238, 'Guevara','parroquia'),
(238, 'Matasiete','parroquia'),
(238, 'Santa Ana','parroquia'),
(238, 'Sucre','parroquia'),

(239, 'Aguirre','parroquia'),
(239, 'Maneiro','parroquia'),


(240, 'Adrián','parroquia'),
(240, 'Juan Griego','parroquia'),

(241, 'Porlamar','parroquia'),

(242, 'San Francisco de Macanao','parroquia'),
(242, 'Boca de Río','parroquia'),

(243, 'Tubores','parroquia'),
(243, 'Los Baleales','parroquia'),

(244, 'Vicente Fuentes','parroquia'),
(244, 'Villalba','parroquia'),

(245, 'San Juan Bautista','parroquia'),
(245, 'Zabala','parroquia'),

(246, 'Ahua Blanca','parroquia'),

(247, 'Capital Araure','parroquia'),
(247, 'Río Acarigua','parroquia'),

(248, 'Capital Esteller','parroquia'),
(248, 'Uveral','parroquia'),

(249, 'Guanare','parroquia'),
(249, 'Córdoba','parroquia'),
(249, 'San José de la Montaña','parroquia'),
(249, 'San Juan de Guanaguanare','parroquia'),
(249, 'Virgen de la Coromoto','parroquia'),

(250, 'Guanarito','parroquia'),
(250, 'Trinidad de la Capilla','parroquia'),
(250, 'Divina Pastora','parroquia'),

(251, 'Monseñor José Vicente de Unda','parroquia'),
(251, 'Peña Blanca','parroquia'),

(252, 'Capital Ospino','parroquia'),
(252, 'Aparición','parroquia'),
(252, 'La Estación','parroquia'),

(253, 'Páez','parroquia'),
(253, 'Payara','parroquia'),
(253, 'Pimpinela','parroquia'),
(253, 'Ramón Peraza','parroquia'),

(254, 'Papelón','parroquia'),
(254, 'Caño Delgadito','parroquia'),

(255, 'San Genaro de Boconoito','parroquia'),
(255, 'Antolín Tovar','parroquia'),

(256, 'San Rafael de Onoto','parroquia'),
(256, 'Santa Fe','parroquia'),
(256, 'Thermo Morles','parroquia'),

(257, 'Santa Rosalía','parroquia'),
(257, 'Florida','parroquia'),

(258, 'Sucre','parroquia'),
(258, 'Concepción','parroquia'),
(258, 'San Rafael de Palo Alzado','parroquia'),
(258, 'Uvencio Antonio Velásquez','parroquia'),
(258, 'San José de Saguaz','parroquia'),
(258, 'Villa Rosa','parroquia'),

(259, 'Turén','parroquia'),
(259, 'Canelones','parroquia'),
(259, 'Santa Cruz','parroquia'),
(259, 'San Isidro Labrador','parroquia'),

(260, 'Mariño','parroquia'),
(260, 'Rómulo Gallegos','parroquia'),

(261, 'San José de Aerocuar','parroquia'),
(261, 'Tavera Acosta','parroquia'),

(262, 'Río Caribe','parroquia'),
(262, 'Antonio José de Sucre','parroquia'),
(262, 'El Morro de Puerto Santo','parroquia'),
(262, 'Puerto Santo','parroquia'),
(262, 'San Juan de las Galdonas','parroquia'),

(263, 'El Pilar','parroquia'),
(263, 'El Rincón','parroquia'),
(263, 'General Francisco Antonio Váquez','parroquia'),
(263, 'Guaraúnos','parroquia'),
(263, 'Tunapuicito','parroquia'),
(263, 'Unión','parroquia'),

(264, 'Santa Catalina','parroquia'),
(264, 'Santa Rosa','parroquia'),
(264, 'Santa Teresa','parroquia'),
(264, 'Bolívar','parroquia'),
(264, 'Maracapana','parroquia'),

(265, 'Mariguitar','parroquia'),

(266, 'Libertad','parroquia'),
(266, 'El Paujil','parroquia'),
(266, 'Yaguaraparo','parroquia'),

(267, 'Cruz Salmerón Acosta','parroquia'),
(267, 'Chacopata','parroquia'),
(267, 'Manicuare','parroquia'),

(268, 'Tunapuy','parroquia'),
(268, 'Campo Elías','parroquia'),

(269, 'Irapa','parroquia'),
(269, 'Campo Claro','parroquia'),
(269, 'Maraval','parroquia'),
(269, 'San Antonio de Irapa','parroquia'),
(269, 'Soro','parroquia'),

(270, 'Mejía','parroquia'),

(271, 'Cumanacoa','parroquia'),
(271, 'Arenas','parroquia'),
(271, 'Aricagua','parroquia'),
(271, 'Cogollar','parroquia'),
(271, 'San Fernando','parroquia'),
(271, 'San Lorenzo','parroquia'),

(272, 'Villa Frontado (Muelle de Cariaco)','parroquia'),
(272, 'Catuaro','parroquia'),
(272, 'Rendón','parroquia'),
(272, 'San Cruz','parroquia'),
(272, 'Santa María','parroquia'),

(273, 'Altagracia','parroquia'),
(273, 'Santa Inés','parroquia'),
(273, 'Valentín Valiente','parroquia'),
(273, 'Ayacucho','parroquia'),
(273, 'San Juan','parroquia'),
(273, 'Raúl Leoni','parroquia'),
(273, 'Gran Mariscal','parroquia'),

(274, 'Cristóbal Colón','parroquia'),
(274, 'Bideau','parroquia'),
(274, 'Punta de Piedras','parroquia'),
(274, 'Güiria','parroquia'),


(275, 'Andrés Bello','parroquia'),

(276, 'Antonio Rómulo Costa','parroquia'),

(277, 'Ayacucho','parroquia'),
(277, 'Rivas Berti','parroquia'),
(277, 'San Pedro del Río','parroquia'),

(278, 'Bolívar','parroquia'),
(278, 'Palotal','parroquia'),
(278, 'General Juan Vicente Gómez','parroquia'),
(278, 'Isaías Medina Angarita','parroquia'),

(279, 'Táriba','parroquia'),
(279, 'Amenodoro Ángel Lamus','parroquia'),
(279, 'La Florida','parroquia'),

(280, 'Córdoba','parroquia'),

(281, 'Fernández Feo','parroquia'),
(281, 'Alberto Adriani','parroquia'),
(281, 'Santo Domingo','parroquia'),

(282, 'Francisco de Miranda','parroquia'),

(283, 'García de Hevia','parroquia'),
(283, 'Boca de Grita','parroquia'),
(283, 'José Antonio Páez','parroquia'),

(284, 'Guásimos','parroquia'),

(285, 'Independencia','parroquia'),
(285, 'Juan Germán Roscio','parroquia'),
(285, 'Román Cárdenas','parroquia'),

(286, 'Jáuregui','parroquia'),
(286, 'Emilio Constantino Guerrero','parroquia'),
(286, 'Monseñor Miguel Antonio Salas','parroquia'),

(287, 'José María Vargas','parroquia'),

(288, 'Junín','parroquia'),
(288, 'La Petrólea','parroquia'),
(288, 'Quinimarí','parroquia'),
(288, 'Bramón','parroquia'),

(289, 'Libertad','parroquia'),
(289, 'Cipriano Castro','parroquia'),
(289, 'Manuel Felipe Rugeles','parroquia'),

(290, 'Libertador','parroquia'),
(290, 'Doradas','parroquia'),
(290, 'Emeterio Ochoa','parroquia'),
(290, 'San Joaquín de Navay','parroquia'),

(291, 'Lobatera','parroquia'),
(291, 'Constitución','parroquia'),

(292, 'Michelena','parroquia'),

(293, 'Panamericano','parroquia'),
(293, 'La Palmita','parroquia'),

(294, 'Pedro María Ureña','parroquia'),
(294, 'Nueva Arcadia','parroquia'),

(295, 'Delicias','parroquia'),

(296, 'Samuel Darío Maldonado','parroquia'),
(296, 'Boconó','parroquia'),
(296, 'Hernández','parroquia'),

(297, 'La Concordia','parroquia'),
(297, 'San Juan Bautista','parroquia'),
(297, 'Pedro María Morantes','parroquia'),
(297, 'San Sebastián','parroquia'),
(297, 'Dr. Francisco Romero Lobo','parroquia'),

(298, 'Seboruco','parroquia'),

(299, 'Simón Rodríguez','parroquia'),

(300, 'Sucre','parroquia'),
(300, 'Eleazar López Contreras','parroquia'),
(300, 'San Pablo','parroquia'),

(301, 'Torbes','parroquia'),

(302, 'Uribante','parroquia'),
(302, 'Cárdenas','parroquia'),
(302, 'Juan Pablo Peñalosa','parroquia'),
(302, 'Potosí','parroquia'),

(303, 'San Judas Tadeo','parroquia'),

(304, 'Araguaney','parroquia'),
(304, 'El Jaguito','parroquia'),
(304, 'La Esperanza','parroquia'),
(304, 'Santa Isabel','parroquia'),

(305, 'Boconó','parroquia'),
(305, 'El Carmen','parroquia'),
(305, 'Mosquey','parroquia'),
(305, 'Ayacucho','parroquia'),
(305, 'Burbusay','parroquia'),
(305, 'General Ribas','parroquia'),
(305, 'Guaramacal','parroquia'),
(305, 'Vega de Guaramacal','parroquia'),
(305, 'Monseñor Jáuregui','parroquia'),
(305, 'Rafael Rangel','parroquia'),
(305, 'San Miguel','parroquia'),
(305, 'San José','parroquia'),

(306, 'Sabana Grande','parroquia'),
(306, 'Cheregüé','parroquia'),
(306, 'Granados','parroquia'),

(307, 'Arnoldo Gabaldón','parroquia'),
(307, 'Bolivia','parroquia'),
(307, 'Carrillo','parroquia'),
(307, 'Cegarra','parroquia'),
(307, 'Chejendé','parroquia'),
(307, 'Manuel Salvador Ulloa','parroquia'),
(307, 'San José','parroquia'),

(308, 'Carache','parroquia'),
(308, 'La Concepción','parroquia'),
(308, 'Cuicas','parroquia'),
(308, 'Panamericana','parroquia'),
(308, 'Santa Cruz','parroquia'),

(309, 'Escuque','parroquia'),
(309, 'La Unión','parroquia'),
(309, 'Santa Rita','parroquia'),
(309, 'Sabana Libre','parroquia'),

(310, 'El Socorro','parroquia'),
(310, 'Los Caprichos','parroquia'),
(310, 'Antonio José de Sucre','parroquia'),

(311, 'Campo Elías','parroquia'),
(311, 'Arnoldo Gabaldón','parroquia'),

(312, 'Santa Apolonia','parroquia'),
(312, 'El Progreso','parroquia'),
(312, 'La Ceiba','parroquia'),
(312, 'Tres de Febrero','parroquia'),

(313, 'El Dividive','parroquia'),
(313, 'Agua Santa','parroquia'),
(313, 'Agua Caliente','parroquia'),
(313, 'El Cenizo','parroquia'),
(313, 'Valerita','parroquia'),

(314, 'Monte Carmelo','parroquia'),
(314, 'Buena Vista','parroquia'),
(314, 'Santa María del Horcón','parroquia'),

(315, 'Motatán','parroquia'),
(315, 'El Baño','parroquia'),
(315, 'Jalisco','parroquia'),

(316, 'Pampán','parroquia'),
(316, 'Flor de Patria','parroquia'),
(316, 'La Paz','parroquia'),
(316, 'Santa Ana','parroquia'),





(317, 'Pampanito','parroquia'),
(317, 'La Concepción','parroquia'),
(317, 'Pampanito II','parroquia'),

(318, 'Betijoque','parroquia'),
(318, 'José Gregorio Hernández','parroquia'),
(318, 'La Pueblita','parroquia'),
(318, 'Los Cedros','parroquia'),

(319, 'Carvajal','parroquia'),
(319, 'Campo Alegre','parroquia'),
(319, 'Antonio Nicolás Briceño','parroquia'),
(319, 'José Leonardo Suárez','parroquia'),

(320, 'Sabana de Mendoza','parroquia'),
(320, 'Junín','parroquia'),
(320, 'Valmore Rodríguez','parroquia'),
(320, 'El Paraíso','parroquia'),

(321, 'Andrés Linares','parroquia'),
(321, 'Chiquinquirá','parroquia'),
(321, 'Cristóbal Mendoza','parroquia'),
(321, 'Cruz Carrillo','parroquia'),
(321, 'Matriz','parroquia'),
(321, 'Monseñor Carrillo','parroquia'),
(321, 'Tres Esquinas','parroquia'),

(322, 'Cabimbú','parroquia'),
(322, 'Jajó','parroquia'),
(322, 'La Mesa de Esnujaque','parroquia'),
(322, 'Santiago','parroquia'),
(322, 'Tuñame','parroquia'),
(322, 'La Quebrada','parroquia'),

(323, 'Juan Ignacio Montilla','parroquia'),
(323, 'La Beatriz','parroquia'),
(323, 'La Puerta','parroquia'),
(323, 'Mendoza del Valle de Momboy','parroquia'),
(323, 'Mercedes Díaz','parroquia'),
(323, 'San Luis','parroquia'),

(324, 'Caraballeda','parroquia'),
(324, 'Carayaca','parroquia'),
(324, 'Carlos Soublette','parroquia'),
(324, 'Caruao Chuspa','parroquia'),
(324, 'Catia La Mar','parroquia'),
(324, 'El Junko','parroquia'),
(324, 'La Guaira','parroquia'),
(324, 'Macuto','parroquia'),
(324, 'Maiquetía','parroquia'),
(324, 'Naiguatá','parroquia'),
(324, 'Urimare','parroquia'),


(325, 'Arístides Bastidas','parroquia'),

(326, 'Bolívar','parroquia'),

(327, 'Chivacoa','parroquia'),
(327, 'Campo Elías','parroquia'),


(328, 'Cocorote','parroquia'),

(329, 'Independencia','parroquia'),

(330, 'José Antonio Páez','parroquia'),

(331, 'La Trinidad','parroquia'),

(332, 'Manuel Monge','parroquia'),

(333,'Nirgua','parroquia'),
(333, 'Salóm','parroquia'),
(333, 'Temerla','parroquia'),

(334, 'San Andrés','parroquia'),
(334, 'Yaritagua','parroquia'),

(335, 'San Javier','parroquia'),
(335, 'Albarico','parroquia'),
(335, 'San Felipe','parroquia'),

(336, 'Sucre','parroquia'),

(337, 'Urachiche','parroquia'),

(338, 'El Guayabo','parroquia'),
(338, 'Farriar','parroquia'),


(339, 'Isla de Toas','parroquia'),
(339, 'Monagas','parroquia'),
(339, 'San Fernando','parroquia'),

(340, 'San Timoteo','parroquia'),
(340, 'General Urdaneta','parroquia'),
(340, 'Libertador','parroquia'),
(340, 'Marcelino Briceño','parroquia'),
(340, 'Pueblo Nuevo','parroquia'),
(340, 'Manuel Guanipa Matos','parroquia'),

(341, 'Ambrosio','parroquia'),
(341, 'Carmen Herrera','parroquia'),
(341, 'La Rosa','parroquia'),
(341, 'Germán Ríos Linares','parroquia'),
(341, 'San Benito','parroquia'),
(341, 'Rómulo Betancourt','parroquia'),
(341, 'Jorge Hernández','parroquia'),
(341, 'Punta Gorda','parroquia'),
(341, 'Arístides Calvani','parroquia'),

(342, 'Encontrados','parroquia'),
(342, 'Udón Pérez','parroquia'),

(343, 'Moralito','parroquia'),
(343, 'San Carlos del Zulia','parroquia'),
(343, 'Santa Cruz del Zulia','parroquia'),
(343, 'Santa Bárbara','parroquia'),
(343, 'Urribarrí','parroquia'),

(344, 'Carlos Quevedo','parroquia'),
(344, 'Francisco Javier Pulgar','parroquia'),
(344, 'Simón Rodríguez','parroquia'),
(344, 'Guamo-Gavilanes','parroquia'),


(345, 'Sinamaica','parroquia'),
(345, 'Alta Guajira','parroquia'),
(345, 'Elías Sánchez Rubio','parroquia'),
(345, 'Guajira','parroquia'),


(346, 'La Concepción','parroquia'),
(346, 'San José','parroquia'),
(346, 'Mariano Parra León','parroquia'),
(346, 'José Ramón Yépez','parroquia'),

(347, 'Jesús María Semprún','parroquia'),
(347, 'Barí','parroquia'),

(348, 'Concepción','parroquia'),
(348, 'Andrés Bello','parroquia'),
(348, 'Chiquinquirá','parroquia'),
(348, 'El Carmelo','parroquia'),
(348, 'Potreritos','parroquia'),

(349, 'Libertad','parroquia'),
(349, 'Alonso de Ojeda','parroquia'),
(349, 'Venezuela','parroquia'),
(349, 'Eleazar López Contreras','parroquia'),
(349, 'Campo Lara','parroquia'),

(350, 'Bartolomé de las Casas','parroquia'),
(350, 'Libertad','parroquia'),
(350, 'Río Negro','parroquia'),
(350, 'San José de Perijá','parroquia'),


(351, 'San Rafael','parroquia'),
(351, 'La Sierrita','parroquia'),
(351, 'Las Parcelas','parroquia'),
(351, 'Luis de Vicente','parroquia'),
(351, 'Monseñor Marcos Sergio Godoy','parroquia'),
(351, 'Ricaurte','parroquia'),
(351, 'Tamare','parroquia'),

(352, 'Antonio Borjas Romero','parroquia'),
(352, 'Bolívar','parroquia'),
(352, 'Cacique Mara','parroquia'),
(352, 'Carracciolo Parra Pérez','parroquia'),
(352, 'Cecilio Acosta','parroquia'),
(352, 'Cristo de Aranza','parroquia'),
(352, 'Coquivacoa','parroquia'),
(352, 'Chiquinquirá','parroquia'),
(352, 'Francisco Eugenio Bustamante','parroquia'),
(352, 'Idelfonzo Vásquez','parroquia'),
(352, 'Juana de Ávila','parroquia'),
(352, 'Luis Hurtado Higuera','parroquia'),
(352, 'Manuel Dagnino','parroquia'),
(352, 'Olegario Villalobos','parroquia'),
(352, 'Raúl Leoni','parroquia'),
(352, 'Santa Lucía','parroquia'),
(352, 'Venancio Pulgar','parroquia'),
(352, 'San Isidro','parroquia'),

(353, 'Altagracia','parroquia'),
(353, 'Faría','parroquia'),
(353, 'Ana María Campos','parroquia'),
(353, 'San Antonio','parroquia'),
(353, 'San José','parroquia'),

(354, 'Donaldo García','parroquia'),
(354, 'El Rosario','parroquia'),
(354, 'Sixto Zambrano','parroquia'),

(355, 'San Francisco','parroquia'),
(355, 'El Bajo','parroquia'),
(355, 'Domitila Flores','parroquia'),
(355, 'Francisco Ochoa','parroquia'),
(355, 'Los Cortijos','parroquia'),
(355, 'Marcial Hernández','parroquia'),
(355, 'José Domingo Rus','parroquia'),

(356, 'Santa Rita','parroquia'),
(356, 'El Mene','parroquia'),
(356, 'Pedro Lucas Urribarrí','parroquia'),
(356, 'José Cenobio Urribarrí','parroquia'),

(357, 'Rafael Maria Baralt','parroquia'),
(357, 'Manuel Manrique','parroquia'),
(357, 'Rafael Urdaneta','parroquia'),

(358, 'Bobures','parroquia'),
(358, 'Gibraltar','parroquia'),
(358, 'Heras','parroquia'),
(358, 'Monseñor Arturo Álvarez','parroquia'),
(358, 'Rómulo Gallegos','parroquia'),
(358, 'El Batey','parroquia'),

(359, 'Rafael Urdaneta','parroquia'),
(359, 'La Victoria','parroquia'),
(359, 'Raúl Cuenca','parroquia'),

(360, 'Altagracia','parroquia'),
(360, 'Antímano','parroquia'),
(360, 'Caricuao','parroquia'),
(360, 'Catedral','parroquia'),
(360, 'Coche','parroquia'),
(360, 'El Junquito','parroquia'),
(360, 'El Paraíso','parroquia'),
(360, 'El Recreo','parroquia'),
(360, 'El Valle','parroquia'),
(360, 'La Candelaria','parroquia'),
(360, 'La Pastora','parroquia'),
(360, 'La Vega','parroquia'),
(360, 'Macarao','parroquia'),
(360, 'San Agustín','parroquia'),
(360, 'San Bernardino','parroquia'),
(360, 'San José','parroquia'),
(360, 'San Juan','parroquia'),
(360, 'San Pedro','parroquia'),
(360, 'Santa Rosalía','parroquia'),
(360, 'Santa Teresa','parroquia'),
(360, 'Sucre (Catia)','parroquia'),
(360, '23 de enero','parroquia');


INSERT INTO sede (codigo_sed, nombre_sed, direccion_sed, fk_lugar, central_sed) VALUES 
(1, 'Sede La Guaira', 'Avenida Balneario',324 , TRUE),
(2, 'Sede Maracay', 'Avenida Las Delicias, Edificio Municipal, Frente al C.C. Paseo Las Delicias II', 61, FALSE),
(3, 'Sede Valencia', 'Avenida La Luz, Galpón No. 127, Sector Tocuyito', 658, FALSE),
(4, 'Sede Guatire', 'Calle Rivas, Número 16', 1019, FALSE),
(5, 'Sede Colon', 'Avenida San Carlos, Santa Bárbara del Zulia', 1399, FALSE);


INSERT INTO almacen (codigo_alm, tamaño_alm, fk_sede) VALUES 
(1, 'Grande - Capacidad: 1000 m²', 1),
(2, 'Mediano - Capacidad: 500 m²', 2),
(3, 'Pequeño - Capacidad: 200 m²', 3),
(4, 'Grande - Capacidad: 950 m²', 4),
(5, 'Mediano - Capacidad: 450 m²', 5),
(6, 'Mediano - Capacidad: 470 m²', 1),
(7, 'Grande - Capacidad: 1100 m²', 2),
(8, 'Grande - Capacidad: 1000 m²', 3),
(9, 'Pequeño - Capacidad: 250 m²', 4),
(10, 'Pequeño - Capacidad: 150 m²', 5);



INSERT INTO zona (codigo_zon, nombre_zon, descripcion_zon, fk_sede) VALUES (1, 'Zona Norte', 'Embalaje y despacho', 2);
INSERT INTO zona (codigo_zon, nombre_zon, descripcion_zon, fk_sede) VALUES (2, 'Zona Sur', 'Pruebas de materia prima luego de traslado', 2);
INSERT INTO zona (codigo_zon, nombre_zon, descripcion_zon, fk_sede) VALUES (3, 'Zona Este', 'Pruebas de piezas', 2);
INSERT INTO zona (codigo_zon, nombre_zon, descripcion_zon, fk_sede) VALUES (4, 'Zona Oeste', 'Ensamblaje', 2);


INSERT INTO zona (codigo_zon, nombre_zon, descripcion_zon, fk_sede) VALUES (5, 'Zona Norte', 'Pruebas de materia prima', 1);
INSERT INTO zona (codigo_zon, nombre_zon, descripcion_zon, fk_sede) VALUES (6, 'Zona Sur', 'Recepcion materia prima', 1);
INSERT INTO zona (codigo_zon, nombre_zon, descripcion_zon, fk_sede) VALUES (7, 'Zona Oeste', 'Ensamblaje', 1);
INSERT INTO zona (codigo_zon, nombre_zon, descripcion_zon, fk_sede) VALUES (8, 'Zona Noroeste', 'Pruebas de piezas', 1);
INSERT INTO zona (codigo_zon, nombre_zon, descripcion_zon, fk_sede) VALUES (9, 'Zona Este', 'Embalaje y despacho', 1);

INSERT INTO zona (codigo_zon, nombre_zon, descripcion_zon, fk_sede) VALUES (10, 'Zona Norte', 'Ensamblaje de elementos internos de cabina', 3);
INSERT INTO zona (codigo_zon, nombre_zon, descripcion_zon, fk_sede) VALUES (11, 'Zona Sur', 'Acabados internos', 3);
INSERT INTO zona (codigo_zon, nombre_zon, descripcion_zon, fk_sede) VALUES (12, 'Zona Centro', 'Pruebas de piezas', 3);
INSERT INTO zona (codigo_zon, nombre_zon, descripcion_zon, fk_sede) VALUES (13, 'Zona Este', 'Embalaje', 3);
INSERT INTO zona (codigo_zon, nombre_zon, descripcion_zon, fk_sede) VALUES (14, 'Zona Oeste', 'Despacho', 3);

INSERT INTO zona (codigo_zon, nombre_zon, descripcion_zon, fk_sede) VALUES (15, 'Zona Norte', 'Pruebas de aviones', 4);
INSERT INTO zona (codigo_zon, nombre_zon, descripcion_zon, fk_sede) VALUES (16, 'Zona Sur', 'Ensamblaje de piezas', 4);
INSERT INTO zona (codigo_zon, nombre_zon, descripcion_zon, fk_sede) VALUES (17, 'Zona Este', 'Pruebas de piezas', 4);
INSERT INTO zona (codigo_zon, nombre_zon, descripcion_zon, fk_sede) VALUES (18, 'Zona Oeste', 'Embalaje y despacho', 4);

INSERT INTO zona (codigo_zon, nombre_zon, descripcion_zon, fk_sede) VALUES (19, 'Zona Norte', 'Pruebas de aviones', 5);
INSERT INTO zona (codigo_zon, nombre_zon, descripcion_zon, fk_sede) VALUES (20, 'Zona Sur', 'Ensamblaje de piezas', 5);
INSERT INTO zona (codigo_zon, nombre_zon, descripcion_zon, fk_sede) VALUES (21, 'Zona Oeste', 'Embalaje y despacho', 5);
INSERT INTO zona (codigo_zon, nombre_zon, descripcion_zon, fk_sede) VALUES (22, 'Zona Este', 'Pruebas de piezas', 5);

INSERT INTO modo_pago (codigo_mp, tipo_mp, numero_cheque_che, banco_che, fecha_emision_che, beneficiario_che, numero_tarjeta_tar, banco_tar, cvv_tar, fecha_vencimiento_tar, nombre_tar, fecha_emision_tar, numero_transferencia_tran, fecha_emision_tran, numero_cuenta_tran, denominacion_efe) VALUES 
(1, 'cheque', 12345678, 'Banco de Venezuela', '2024-01-01', 'Juan Pérez', NULL, NULL, NULL, NULL, NULL, NULL, NULL, NULL, NULL, NULL);


INSERT INTO modo_pago (codigo_mp, tipo_mp, numero_cheque_che, banco_che, fecha_emision_che, beneficiario_che, numero_tarjeta_tar, banco_tar, cvv_tar, fecha_vencimiento_tar, nombre_tar, fecha_emision_tar, numero_transferencia_tran, fecha_emision_tran, numero_cuenta_tran, denominacion_efe) VALUES 
(2, 'transferencia', NULL, NULL, NULL, NULL, NULL, NULL, NULL, NULL, NULL, NULL, 11223344, '2024-01-02', 99887766, NULL);


INSERT INTO modo_pago (codigo_mp, tipo_mp, numero_cheque_che, banco_che, fecha_emision_che, beneficiario_che, numero_tarjeta_tar, banco_tar, cvv_tar, fecha_vencimiento_tar, nombre_tar, fecha_emision_tar, numero_transferencia_tran, fecha_emision_tran, numero_cuenta_tran, denominacion_efe) VALUES 
(3, 'tarjeta', NULL, NULL, NULL, NULL, 56789012, 'Banco Provincial', 123, '2024-12-31', 'Carlos Méndez', '2024-01-03', NULL, NULL, NULL, NULL);


INSERT INTO modo_pago (codigo_mp, tipo_mp, numero_cheque_che, banco_che, fecha_emision_che, beneficiario_che, numero_tarjeta_tar, banco_tar, cvv_tar, fecha_vencimiento_tar, nombre_tar, fecha_emision_tar, numero_transferencia_tran, fecha_emision_tran, numero_cuenta_tran, denominacion_efe) VALUES 
(4, 'efectivo', NULL, NULL, NULL, NULL, NULL, NULL, NULL, NULL, NULL, NULL, NULL, NULL, NULL, 'Bolívares');


INSERT INTO modo_pago (codigo_mp, tipo_mp, numero_cheque_che, banco_che, fecha_emision_che, beneficiario_che, numero_tarjeta_tar, banco_tar, cvv_tar, fecha_vencimiento_tar, nombre_tar, fecha_emision_tar, numero_transferencia_tran, fecha_emision_tran, numero_cuenta_tran, denominacion_efe) VALUES 
(5, 'cheque', 87654321, 'Banco Mercantil', '2024-01-04', 'Ana García', NULL, NULL, NULL, NULL, NULL, NULL, NULL, NULL, NULL, NULL);


INSERT INTO modo_pago (codigo_mp, tipo_mp, numero_cheque_che, banco_che, fecha_emision_che, beneficiario_che, numero_tarjeta_tar, banco_tar, cvv_tar, fecha_vencimiento_tar, nombre_tar, fecha_emision_tar, numero_transferencia_tran, fecha_emision_tran, numero_cuenta_tran, denominacion_efe) VALUES 
(6, 'transferencia', NULL, NULL, NULL, NULL, NULL, NULL, NULL, NULL, NULL, NULL, 55667788, '2024-01-05', 22334455, NULL);


INSERT INTO modo_pago (codigo_mp, tipo_mp, numero_cheque_che, banco_che, fecha_emision_che, beneficiario_che, numero_tarjeta_tar, banco_tar, cvv_tar, fecha_vencimiento_tar, nombre_tar, fecha_emision_tar, numero_transferencia_tran, fecha_emision_tran, numero_cuenta_tran, denominacion_efe) VALUES 
(7, 'tarjeta', NULL, NULL, NULL, NULL, 23456789, 'Banco Bicentenario', 456, '2024-11-30', 'Laura Pérez', '2024-01-06', NULL, NULL, NULL, NULL);


INSERT INTO modo_pago (codigo_mp, tipo_mp, numero_cheque_che, banco_che, fecha_emision_che, beneficiario_che, numero_tarjeta_tar, banco_tar, cvv_tar, fecha_vencimiento_tar, nombre_tar, fecha_emision_tar, numero_transferencia_tran, fecha_emision_tran, numero_cuenta_tran, denominacion_efe) VALUES 
(8, 'efectivo', NULL, NULL, NULL, NULL, NULL, NULL, NULL, NULL, NULL, NULL, NULL, NULL, NULL, 'Dólares');


INSERT INTO modo_pago (codigo_mp, tipo_mp, numero_cheque_che, banco_che, fecha_emision_che, beneficiario_che, numero_tarjeta_tar, banco_tar, cvv_tar, fecha_vencimiento_tar, nombre_tar, fecha_emision_tar, numero_transferencia_tran, fecha_emision_tran, numero_cuenta_tran, denominacion_efe) VALUES 
(9, 'cheque', 34567890, 'Banco Plaza', '2024-01-07', 'Diego Ramírez', NULL, NULL, NULL, NULL, NULL, NULL, NULL, NULL, NULL, NULL);


INSERT INTO modo_pago (codigo_mp, tipo_mp, numero_cheque_che, banco_che, fecha_emision_che, beneficiario_che, numero_tarjeta_tar, banco_tar, cvv_tar, fecha_vencimiento_tar, nombre_tar, fecha_emision_tar, numero_transferencia_tran, fecha_emision_tran, numero_cuenta_tran, denominacion_efe) VALUES 
(10, 'transferencia', NULL, NULL, NULL, NULL, NULL, NULL, NULL, NULL, NULL, NULL, 99887766, '2024-01-08', 44556677, NULL);


INSERT INTO rol values(1,'admin','rol de administrador');
INSERT INTO rol values(2,'cliente','rol de cliente');
INSERT INTO rol values(3,'empleado','rol de empleado');
INSERT INTO rol values(4,'proveedor','rol de proveedor');

INSERT INTO usuario (nombre_usu, contraseña_usu, fk_rol) VALUES 
('monica_salazar', '$argon2id$v=19$m=19456,t=2,p=1$KK7X38JI3g/VQ9nd+pt2UQ$p0w/0Y/mdH4JPWk7v4IsaGmfyts0XVkBCf7c1h0oWq0', 2);
INSERT INTO usuario (nombre_usu, contraseña_usu, fk_rol) VALUES 
('david_torres', '$argon2id$v=19$m=19456,t=2,p=1$Av3dPdkk/PkqRbdbFWrACQ$6ibT2iemu7LtCQAboIsBm/GXQA8W6pIaHmeBpyn5qA8', 2);
INSERT INTO usuario (nombre_usu, contraseña_usu, fk_rol) VALUES 
('sandra_perez', '$argon2id$v=19$m=19456,t=2,p=1$WDOozQhinlcZapOHxc1tfw$Q+N0W9Hxcw0XY0r7GfTyz9UTTqpGaNoj958tE7YqhI8', 2);
INSERT INTO usuario (nombre_usu, contraseña_usu, fk_rol) VALUES 
('javier_ortega', '$argon2id$v=19$m=19456,t=2,p=1$jQdJ//wR6InR6Y+C0yZpHQ$n1KNIctKjmXI5ZZ4ux3LTx48aZYU+Mubm+poDSjxIQ0', 2);
INSERT INTO usuario (nombre_usu, contraseña_usu, fk_rol) VALUES 
('daniel_diaz', '$argon2id$v=19$m=19456,t=2,p=1$bcSQV7B1PgGoUkc/6n02AQ$Qr5aTqtvBztcvDYNgTFwej1KM9FtEAeFXBiGrlKfYrc', 2),
('billy_maximoff', '$argon2id$v=19$m=19456,t=2,p=1$EXem++2zF0uSIp8SizzrMw$rW4OpTfefq54aVwPIWUUID8F7N8jcdX9dvg8GFVIFRc', 2),
('bruce_wayne', '$argon2id$v=19$m=19456,t=2,p=1$0RJLIyRbY+CzEtOvJcDppg$3M+x2IQJCncRim2sRcZqNlHmXB3o/sk2+ZUH+/QRsEM', 2),
('esmeralda_perez', '$argon2id$v=19$m=19456,t=2,p=1$oeDTvR7vbHg4qopBJ9ZBCw$GCguYWuOSiqIbK33mKxZpPwe66ZQvL7PkWA+zBeOGRE', 2),
('angel_fernandez', '$argon2id$v=19$m=19456,t=2,p=1$gPXpalCKTse97wPmcjXEMw$kZfUlxVQZ/XrSyWUfEvrlfslwwzwWAgPtOAG9JSkmNM', 2),
('john_smith', '$argon2id$v=19$m=19456,t=2,p=1$3i0PmIHzSagugGyQXjireQ$6yTka2saXjnBrQcm8ZxkqwfPiADqIWaMngxejlqSEVg', 2),
('emily_johnson', '$argon2id$v=19$m=19456,t=2,p=1$nCjbkvyan6UUZRovR+VuYw$E9mrTdtbZgl5TbHtwQmd5KnlEPGZT4XqP73kbyymu5g', 2),
('michael_brown', '$argon2id$v=19$m=19456,t=2,p=1$lLmxNyJZ62Htt5wALkH3eQ$2FI6WnwkIKW1jTN2DOp7qq0MWDCHimBKZq/alASG6w0', 2),
('jessica_davis', '$argon2id$v=19$m=19456,t=2,p=1$I7NrmkwqHh4uMczHLYs+RA$Zk2zmcsWO+Be3tO4FRe9mO/HBM6vNUdp2rj110i0fC8', 2),
('james_wilson', '$argon2id$v=19$m=19456,t=2,p=1$PW0rjQhyOX5RZ74o9afB5w$DvrHHikkxSiNpli3fjzpE8ZaDPTq4g0qVNCAMxGSkbM', 2),
('sarah_miller', '$argon2id$v=19$m=19456,t=2,p=1$gI3/ccWPxucDihR6TD6biw$Xl5Pud8xMHkkkoXE4iNxPNsMl0jX2mmTypInlp9iPkQ', 2),
('matthew_taylor', '$argon2id$v=19$m=19456,t=2,p=1$NQrB+kcfmdWrNajy5jW4hw$jwzTZGEYmLI39mNCKcpwg7LMe+Byy+2HbH10pTCW0/8', 2),
('ashley_anderson', '$argon2id$v=19$m=19456,t=2,p=1$K+KsLKMldZEk/3pjG9wNKw$Qs0s9oA8wXJ8a0tl1b/oEg1IN02CqCjtFOjRAisOgWc', 2),
('daniel_thomas', '$argon2id$v=19$m=19456,t=2,p=1$61sNpCqa3U52u0LqA51wxg$s/t1nUGB5K9KPtvGFXs/ESViBown2UGICaxeOyY2Pl0', 2),
('rachel_jackson', '$argon2id$v=19$m=19456,t=2,p=1$IH6JtEQx3m7kwrgjhi2mKA$Olz9SvZD23sSF5OUclpnfE/Ehz/HiO3YyCyMRNGZRKY', 2),
('christopher_white', '$argon2id$v=19$m=19456,t=2,p=1$09Zm/EotzZWNxZ1B2QaTgg$mDbmSxqp9357TjyuIU+bYXzwEOkM1JaEBVxeSDWovFM', 2),
('megan_harris', '$argon2id$v=19$m=19456,t=2,p=1$ITI91Oi6g5n9XOgXnpQsXw$ananBA1CjnIAo9TKTorvG0aDeFI3f7Lf+ZLvnUlescg', 2),
('joshua_martin', '$argon2id$v=19$m=19456,t=2,p=1$8tyJUCNZsEE+oCfyUoBAyg$MxlbjIelg7THRdezrtqZ4i4dqbw16QrIP1mQQ62lGUE', 2),
('samantha_thompson', '$argon2id$v=19$m=19456,t=2,p=1$PND+4GfH45h5jzhTxxa5IQ$oo6Zv4ML/5nr/UAnx21SU1nPukqpuIxdA5CRn6SnWbU', 2),
('andrew_garcia', '$argon2id$v=19$m=19456,t=2,p=1$bj2ebn1H76iKEws7HpftmQ$snh4MijO9B7DE9PjXuhW/qcCMaqpL+sBuIvdanRB9xw', 2),
('jennifer_martinez', '$argon2id$v=19$m=19456,t=2,p=1$L3fF9lFhG2QPUKkrCdp5GA$CZP3J04h8ftt+mLPPm3qgSYxXeLyXRsQkae2pkpukhs', 2),
('david_robinson', '$argon2id$v=19$m=19456,t=2,p=1$5fDqptp1f/IrvWtHrly1EQ$YGTsAfN8ebDU2mis0E61j3+9h1Z93j/JHPZ6y8DRut8', 2),
('amanda_clark', '$argon2id$v=19$m=19456,t=2,p=1$PZQDwQWLKN/MF/SmoWk1Og$VlEC0hCDQ8fcdzSg0hRdFAweL2lZKGph4aRPrGnskxk', 2),
('justin_lewis', '$argon2id$v=19$m=19456,t=2,p=1$0rWGZf9bPrpa7A6F8zmagA$9Y6VQhQ1pvRsymSj+Cpmf24YEuKHFlMeSUAjPc0HfoY', 2),
('lauren_lee', '$argon2id$v=19$m=19456,t=2,p=1$ncnhpouxFvsOOAT7ODvnHw$chONRZrQsOXu5naa8A6MOujgCe6dLnv3QBbVllOd/Bk', 2),
('kevin_walker', '$argon2id$v=19$m=19456,t=2,p=1$MAB6EQQYSHaQ9iTzx6pbQA$Rp1yZrek7h5IWys9KcAMgKaxqvwfHBKiI+MyIa5FeeA', 2),
('elizabeth_hall', '$argon2id$v=19$m=19456,t=2,p=1$lbjj/fG0CfTquzI0ttlTjQ$gXTavRFjsD3go0IpECiANdT8ZAeEGTzDpfcbCNvX/J8', 2);
INSERT INTO usuario (nombre_usu, contraseña_usu, fk_rol) VALUES 
('brian_young', '$argon2id$v=19$m=19456,t=2,p=1$kkjooRUzJYau49B6ZoNzbQ$2v5ttKD585BIx/DQjnGhrC3esXLfHtOQxZkLuf3QN1A', 2),
('stephanie_king', '$argon2id$v=19$m=19456,t=2,p=1$9FxnQ+7QsaG7EH8GUXT8mA$By8Zlf0PiHhol9yz2BxgHllgDKcFK0CTFRQp/r4mpWk', 2),
('charles_spring', '$argon2id$v=19$m=19456,t=2,p=1$s1a9ijeMSgmsM7ARqnHnew$YjaHw9xj6fMBPWJ7tvNaIi8rLL04Kd++aHGBlPatass', 2),
('rebecca_sugar', '$argon2id$v=19$m=19456,t=2,p=1$e3sIGDVp1uxnFLZgTHt38A$UZNPyskcTzGFj5IvwrOU0HUfq+uEVcNMJXl8CcCe0aA', 2),
('steven_green', '$argon2id$v=19$m=19456,t=2,p=1$4R8rQMrZLlo5l0Utj5i4Tg$sgEvKIzFA/TB33H8K/HXIAxKqTLkmMRt7p6gH5Z9qyo', 2),
('nick_nelson', '$argon2id$v=19$m=19456,t=2,p=1$c105LqvTFezQMk0Iqz4H8w$cX9hm7jktjewGUs2epasXwbsqyJ8Q8V827LGrbgeiBU', 2),
('joe_lopez', '$argon2id$v=19$m=19456,t=2,p=1$7PvAfOs74RXgZVEWCygc5g$s+I3Sdrjzio3/0k4TSm2R8vUWOjn6uo6iskBU4uDUQM', 2),
('joe_locke', '$argon2id$v=19$m=19456,t=2,p=1$7PvAfOs74RXgZVEWCygc5g$s+I3Sdrjzio3/0k4TSm2R8vUWOjn6uo6iskBU4uDUQM', 2),
('kit_connor', '$argon2id$v=19$m=19456,t=2,p=1$MYgBxS1yE4jSrGbtXn6ybQ$4ZKvIWpzPLziey5nvDm0b8MaFxLXEFMwjBCKj08nBgY', 2);
INSERT INTO usuario (nombre_usu, contraseña_usu, fk_rol) VALUES 
('juan_perez', '$argon2id$v=19$m=19456,t=2,p=1$X8iCmRKOT+lNjtLvGXXjug$fF57audgEBzHQ3i9DGNmvvltuk9qgtIpkUbtlellvJM', 2);
INSERT INTO usuario (nombre_usu, contraseña_usu, fk_rol) VALUES 
('maria_garcia', '$argon2id$v=19$m=19456,t=2,p=1$sRRxLhS2l+yNFYU4D3klzA$R5wiRfr+4A6T3px/bGiGLUmARQyuo2ybdcpZCy5noOE', 2);
INSERT INTO usuario (nombre_usu, contraseña_usu, fk_rol) VALUES 
('pedro_martinez', '$argon2id$v=19$m=19456,t=2,p=1$+kqRL5suXyYV9UVpgMLnYw$2R+uhqJSROc4bWuLXDK/bA/ak1gGcVZIYqzSlIV+wjU', 2);
INSERT INTO usuario (nombre_usu, contraseña_usu, fk_rol) VALUES 
('ana_rodriguez', '$argon2id$v=19$m=19456,t=2,p=1$yZ+xaCIIjw4nuONQyMLx9A$uQiaBHds2v+HfdACLNiam5+Mw09DQhpLlBiXX6rxKTA', 2);
INSERT INTO usuario (nombre_usu, contraseña_usu, fk_rol) VALUES 
('luis_fernandez', '$argon2id$v=19$m=19456,t=2,p=1$ytc71J3ctYL4bYMbtGR9Qg$UoHcvtJPzkttunIH1iPBb5rofpcF0peayR/xVisb7MI', 2);
INSERT INTO usuario (nombre_usu, contraseña_usu, fk_rol) VALUES 
('sofia_lopez', '$argon2id$v=19$m=19456,t=2,p=1$VajLEy++I6xwva7eis0lBQ$QBNFGYe6gDi9i+ngSD7SyplaR9UfXg0vYDidD58h6vI', 2);
INSERT INTO usuario (nombre_usu, contraseña_usu, fk_rol) VALUES 
('carlos_gomez', '$argon2id$v=19$m=19456,t=2,p=1$HSyWBX9hwqtNLMAIeZJDcw$YYj1PUaiBtgkWbdQ0BLFxqa2dzf3d0tS+TNDWxNB/U4', 2);
INSERT INTO usuario (nombre_usu, contraseña_usu, fk_rol) VALUES 
('laura_hernandez', '$argon2id$v=19$m=19456,t=2,p=1$L2xPEM8CG/JGbx2+6S1GHg$5qGMtqTpCiNnDhwXuXoAijCdbOpYCQ8NFVxqNfMfDb4', 2);
INSERT INTO usuario (nombre_usu, contraseña_usu, fk_rol) VALUES 
('miguel_ramirez', '$argon2id$v=19$m=19456,t=2,p=1$qAHcPmfvJJdXMZBSdnKJtw$2ly5j1yY0q1qQpBjXVWZkx2uDrLiLMyDopeYcjoLfd0', 2);
INSERT INTO usuario (nombre_usu, contraseña_usu, fk_rol) VALUES 
('isabel_torres2', '$argon2id$v=19$m=19456,t=2,p=1$KNY/KgSW5EEozXfU17l29w$i3ida9ahzBggs0d2cOmF6lktb6SruREU49LqjxX31Rc', 2);
INSERT INTO usuario (nombre_usu, contraseña_usu, fk_rol) VALUES 
('jorge_mendoza', '$argon2id$v=19$m=19456,t=2,p=1$C8LualA25UytxhAV5GNaHg$3b+JYgkbNky2YnJG9s43ftznCZYN2kcXlbVAWyvNcO8', 2);
INSERT INTO usuario (nombre_usu, contraseña_usu, fk_rol) VALUES 
('lucia_romero', '$argon2id$v=19$m=19456,t=2,p=1$KBJSFmEnujCT7IPrp/HG+A$hes6KKqlLQkNxeYxXiSh+pB8hasI//rGYOXqgqAruUE', 2);
INSERT INTO usuario (nombre_usu, contraseña_usu, fk_rol) VALUES 
('andres_castro', '$argon2id$v=19$m=19456,t=2,p=1$3QBWie0riXxSw4qL/xR0pQ$t1E9d5VeeYTphEWXXrlFWhRw/cPV4whhx/X19DJvzdw', 2);
INSERT INTO usuario (nombre_usu, contraseña_usu, fk_rol) VALUES 
('paula_suarez', '$argon2id$v=19$m=19456,t=2,p=1$NLkSak2PN/fHjAle7PH7dA$OKRYlQjDMBrsKEWolSdPAG3HAHtvncqmFi7inNBLjGQ', 2);
INSERT INTO usuario (nombre_usu, contraseña_usu, fk_rol) VALUES 
('diego_silva', '$argon2id$v=19$m=19456,t=2,p=1$pNk6N1oMCYZqwwYNMFpJag$E35UCipHPOClflC5GZgREnoZpclrv1oG/EF9XKWb/gQ', 2);
INSERT INTO usuario (nombre_usu, contraseña_usu, fk_rol) VALUES 
('elena_vargas3', '$argon2id$v=19$m=19456,t=2,p=1$ZPl5Yx/+gyIPxnZJ3HVt8g$H6J+bCJg8BKP4jx3GG4GbrfNdEZInALmRn6glKOW1a0', 2);
INSERT INTO usuario (nombre_usu, contraseña_usu, fk_rol) VALUES 
('ricardo_flor', '$argon2id$v=19$m=19456,t=2,p=1$hLUTL+wAYpPeDe0630U2Bg$ZfVnB3dBPw/ZihkcqkgK/pLQ77FgKyb0ORSj38wXLnI', 2);
INSERT INTO usuario (nombre_usu, contraseña_usu, fk_rol) VALUES 
('valeria_leones', '$argon2id$v=19$m=19456,t=2,p=1$m6v90+39/qoOL4UP6TKtLw$bzK6hsGYmjEdp6DkQC9lbra6WKH/a1nhb+ZUw9z3HGU', 2);
INSERT INTO usuario (nombre_usu, contraseña_usu, fk_rol) VALUES 
('santiago_rojas2', '$argon2id$v=19$m=19456,t=2,p=1$RXXG2jzzRFZjoc050ioY2Q$khF0bzcIwFMUnrI93EuX6kM1lePYc9rgGSffUdmL0GY', 2);
INSERT INTO usuario (nombre_usu, contraseña_usu, fk_rol) VALUES 
('carolina_mendez', '$argon2id$v=19$m=19456,t=2,p=1$6eZlNfeES2h57O22Ogz9HA$IlcEsg4A2izVqI79V/97kdOmGeaMUDCyZUkYOwkZ+18', 2);
INSERT INTO usuario (nombre_usu, contraseña_usu, fk_rol) VALUES 
('diego_castillos', '$argon2id$v=19$m=19456,t=2,p=1$eEi4RfvtmUv3ZxX2L3du1A$Z1orGdvrpoEwEI/WAfcLIDEvtC4tAZbxmCwIC8HYBmU', 2);
INSERT INTO usuario (nombre_usu, contraseña_usu, fk_rol) VALUES 
('martin_rivera', '$argon2id$v=19$m=19456,t=2,p=1$P8wjCtPv0z7J0NIkLnGKVw$4NmkoDEu5ApCtvCvUI2Hx/Ya8BfAjxnwSzCFz0CgGY8', 2);
INSERT INTO usuario (nombre_usu, contraseña_usu, fk_rol) VALUES 
('adriana_ruiz', '$argon2id$v=19$m=19456,t=2,p=1$eWbPA9ZMcsRqfD8xSAft9g$Y4dDOmhDeBdbI5EU2VpinoGyybboN49ulUhmyuw2yrQ', 2);
INSERT INTO usuario (nombre_usu, contraseña_usu, fk_rol) VALUES 
('fernando_morales', '$argon2id$v=19$m=19456,t=2,p=1$7CbMSIrKL49iKqY3azAwhQ$4SEjEwVCxbChALFgaHopreH0QNIMjlH2t7I1eE0tBBE', 2);
INSERT INTO usuario (nombre_usu, contraseña_usu, fk_rol) VALUES 
('daniela_jimenez', '$argon2id$v=19$m=19456,t=2,p=1$fUgF7IVc/N+oXD2R5qDKUQ$ks32ZVCaph4NERW+NoA2jSKc3N6/fmZCc4OYMTpG9eY', 2);
INSERT INTO usuario (nombre_usu, contraseña_usu, fk_rol) VALUES 
('roberto_dias', '$argon2id$v=19$m=19456,t=2,p=1$DmA2vK6Dk03CKzeZdySOUQ$2pnZBqWDlKxCVFmcglEXztA5KfGiYg2PqZYl4HYtORE', 2);
INSERT INTO usuario (nombre_usu, contraseña_usu, fk_rol) VALUES 
('gabriela_pena', '$argon2id$v=19$m=19456,t=2,p=1$3k29UEpI8D1dtFSRnOvUBw$ADAIib87pJb6VmJllCvk1zU2TYGeTNmLzlt8u3q225c', 2);
INSERT INTO usuario (nombre_usu, contraseña_usu, fk_rol) VALUES 
('esteban_lara2', '$argon2id$v=19$m=19456,t=2,p=1$2lWNeGgngr+G+VReEcyQGQ$Hkum5L9s/wcbMTqcPUCd2ZBH1dTsac/BnOZpvS3Y6E4', 2);
INSERT INTO usuario (nombre_usu, contraseña_usu, fk_rol) VALUES 
('natalia_soto2', '$argon2id$v=19$m=19456,t=2,p=1$y1IzJVF8PZVldafPpyu0wA$0naOxQGikqMQf2x0mhPh9h+B07sirFhNL5PNajr534Y', 2);
INSERT INTO usuario (nombre_usu, contraseña_usu, fk_rol) VALUES 
('alberto_cestron', '$argon2id$v=19$m=19456,t=2,p=1$n15xUlI5whCkVOs6AdjiGg$IIaZ+6DhWvUML58DXmX9Wbto2nvhiUVN0LOcBzF9kEI', 2);
INSERT INTO usuario (nombre_usu, contraseña_usu, fk_rol) VALUES 
('veronica_reyes2', '$argon2id$v=19$m=19456,t=2,p=1$UtH7p9gDwrcIQtX2aXD7nQ$34fMV7oy9iIdQtHtm89SXp7Ci4n+HTilIRNDxOzGvgA', 2);
INSERT INTO usuario (nombre_usu, contraseña_usu, fk_rol) VALUES 
('emilio_ramos', '$argon2id$v=19$m=19456,t=2,p=1$B80qR06hq7amNA9dYdCe5Q$gPpu9Uq81yIqTB2BlcgXD7mxaqtvhjgYczWVXPMoCXI', 2);
INSERT INTO usuario (nombre_usu, contraseña_usu, fk_rol) VALUES 
('patricia_ortiga', '$argon2id$v=19$m=19456,t=2,p=1$Jwz7GqQ1DxqF1U0rTXFdMg$AWVs34I2gilNrrNJxSWFpW+qC4GVXg6DY6S2O/zgvLU', 2);
INSERT INTO usuario (nombre_usu, contraseña_usu, fk_rol) VALUES 
('cristina_navarro', '$argon2id$v=19$m=19456,t=2,p=1$y1tGoUlSVXSiCd9JrjsN1g$URug7knWROwviiS0m+aG9RZVJZR+6ONp5GInzoV05L4', 2);
INSERT INTO usuario (nombre_usu, contraseña_usu, fk_rol) VALUES 
('alfonso_espinoza', '$argon2id$v=19$m=19456,t=2,p=1$+fZKMnzpmLhscLw43Gl30w$qqRahmnc0vUvDHjXEsslSP/hnAHOLJsPYCG7VObySXU', 2);
INSERT INTO usuario (nombre_usu, contraseña_usu, fk_rol) VALUES 
('rosa_medicina', '$argon2id$v=19$m=19456,t=2,p=1$0nfvwYXma+nx4Dff2muSbQ$2nH3rpi5C2Q5dJtKnEgfS2AoYBNZkLLWEKwWQ31yxjE', 2);
INSERT INTO usuario (nombre_usu, contraseña_usu, fk_rol) VALUES 
('hector_carpero', '$argon2id$v=19$m=19456,t=2,p=1$3q7PGxnhrs+3fydLjo4Xsg$QMilmBzfCVpsE0J2hzMjQvcoSOOllbdJsrC/Izg6Kzs', 2);
INSERT INTO usuario (nombre_usu, contraseña_usu, fk_rol) VALUES 
('marta_solis', '$argon2id$v=19$m=19456,t=2,p=1$Lvp6cCNfDVvdJ4aN0wnyuA$jNkvsZe3NXEIQUnxo5cH/lVK2JT7tMX1+7ZuNYniZus', 2);
INSERT INTO usuario (nombre_usu, contraseña_usu, fk_rol) VALUES 
('pablo_castros', '$argon2id$v=19$m=19456,t=2,p=1$qsx56VjQT4rNHemnphtgbw$qc+ntZdYsTMzUc0pVXIZOh5Mb+/6rmxEBfA47MEKu/g', 2);
INSERT INTO usuario (nombre_usu, contraseña_usu, fk_rol) VALUES 
('claudia_flores', '$argon2id$v=19$m=19456,t=2,p=1$w41/el2U0VdDn6Jl5kfgcg$I9qp5TMApJCT/q6pMjW6HDNOYj5muMkaIstgGpz0vps', 2);
INSERT INTO usuario (nombre_usu, contraseña_usu, fk_rol) VALUES 
('francisco_munoz', '$argon2id$v=19$m=19456,t=2,p=1$f1CufVjP4l749W+OOAlSZg$YZE/oxGYZnLHIvHUTuspfKXCrFVZV5eDWthF+FUr1l4', 2);
INSERT INTO usuario (nombre_usu, contraseña_usu, fk_rol) VALUES 
('ana_maria2', '$argon2id$v=19$m=19456,t=2,p=1$/RVRLw1AvpDRbsHuwen/wg$tJq2tL+1ymL56e4nTpQPGKl1aayxHLM2gGA8EVG/K/4', 2);
INSERT INTO usuario (nombre_usu, contraseña_usu, fk_rol) VALUES 
('carlos_gomez2', '$argon2id$v=19$m=19456,t=2,p=1$vZb8muhkdHYwwf676EdeWw$9b/WSF5KSOs3FxmTjYapvetxlC9ZoUAT1Ci11GxYHlg', 2);
INSERT INTO usuario (nombre_usu, contraseña_usu, fk_rol) VALUES 
('laura_hernandez2', '$argon2id$v=19$m=19456,t=2,p=1$HcZeZraIcwg/2g5Ot2yjhw$TUlMEDmmMj0soKTfzpnhbl9LL6bMbvauxPYucSZevnk', 2);
INSERT INTO usuario (nombre_usu, contraseña_usu, fk_rol) VALUES 
('miguel_ramirez2', '$argon2id$v=19$m=19456,t=2,p=1$J8JIF3oz1O83fvf6izA1Bg$0ImRMK63cZUHPN0maAOIVptsPUKemc9p/Z+mnV2zMEo',2);
INSERT INTO usuario (nombre_usu, contraseña_usu, fk_rol) VALUES 
('isabel_torres3', '$argon2id$v=19$m=19456,t=2,p=1$CUsqjfWEeYHNb1B2LF49cw$zJAo7Fpo640+OgJW7sUPyQKSN+HX7X4NrzmqRAiuxGo', 2);
INSERT INTO usuario (nombre_usu, contraseña_usu, fk_rol) VALUES 
('jorge_mendoza2', '$argon2id$v=19$m=19456,t=2,p=1$nPF4PtO/RyXDAyiVK2ZI3Q$EVw75f1uu2ofXXCscoxNWbj7QGaj8aLENZXqPW5F5so', 2);
INSERT INTO usuario (nombre_usu, contraseña_usu, fk_rol) VALUES 
('lucia_romero2', '$argon2id$v=19$m=19456,t=2,p=1$W3VzHnL/trKeqmKuBOBgpw$BBAIzaQXE2TO7XokE70RCeikuaiSdc9Ex9UqQ+UYYq4', 2);
INSERT INTO usuario (nombre_usu, contraseña_usu, fk_rol) VALUES 
('andres_castro2', '$argon2id$v=19$m=19456,t=2,p=1$rQ2Cm8do3AnUsQZLwww6KA$GoMXF9CzPmAajRlWI178P6zE/RxbHvTm4QU6ovlpAb0', 2);
INSERT INTO usuario (nombre_usu, contraseña_usu, fk_rol) VALUES 
('paula_suarez2', '$argon2id$v=19$m=19456,t=2,p=1$vbWM0x7NnxvZWZQKJwMoQA$HO95BhNU3BS8l5HtXbQmw01BdcXI0nmQtISnEEBN0MU', 2);
INSERT INTO usuario (nombre_usu, contraseña_usu, fk_rol) VALUES 
('diego_silva2', '$argon2id$v=19$m=19456,t=2,p=1$BJYDnEOKmZww3zxK/bnwBQ$MG57AKhPivRhTBzG2TA9MUNRLZ0eSqTZ0BXfhSPrPC4', 2);
INSERT INTO usuario (nombre_usu, contraseña_usu, fk_rol) VALUES 
('elena_vargas', '$argon2id$v=19$m=19456,t=2,p=1$W8kux9OoNlSTZ8XFKGLF6A$JrQlQ6B7btqPM4vemuhfEouQ2vYGKzaOTrXolVDmv14', 2);
INSERT INTO usuario (nombre_usu, contraseña_usu, fk_rol) VALUES 
('ricardo_flores', '$argon2id$v=19$m=19456,t=2,p=1$GJacgAqClV+bsA6BjxfMtQ$Y9vYmH8h46uaF++7Mh8ZSYb3r3Pr/uW321TqWN449N8', 2);
INSERT INTO usuario (nombre_usu, contraseña_usu, fk_rol) VALUES 
('valeria_leon', '$argon2id$v=19$m=19456,t=2,p=1$apwKbnr62yFZqGqt5HsvWw$MMMQAm0p87DjdoHcXw3NGnqrXKjCl5j4pUzJ7xL6Gco', 2);
INSERT INTO usuario (nombre_usu, contraseña_usu, fk_rol) VALUES 
('santiago_rojas', '$argon2id$v=19$m=19456,t=2,p=1$cI/OdtO38HBch8O+M69+Iw$VA/KR93tDcQTOkYBvGlrV0viwVNCbwARaLzAY3LWGdo', 2);
INSERT INTO usuario (nombre_usu, contraseña_usu, fk_rol) VALUES 
('carolina_mendez2', '$argon2id$v=19$m=19456,t=2,p=1$o8mb5ZJPjJUi80Aokt3AbA$MZRV5pVxm3R9YNsbxp5rzQS22Fc85AAI7EQa7vF3118', 2);
INSERT INTO usuario (nombre_usu, contraseña_usu, fk_rol) VALUES 
('martin_riveras', '$argon2id$v=19$m=19456,t=2,p=1$sVpIjSFJeaZrp/iu7ma3cQ$E1RWsEyHdrQtZQsWtNLg/L0PDG7pZfcTEf3h9ZV8Ovg', 3);
INSERT INTO usuario (nombre_usu, contraseña_usu, fk_rol) VALUES 
('adriana_ruices', '$argon2id$v=19$m=19456,t=2,p=1$iOKjnS+sSWWZNuxJGqTJzg$Lp15Q+xy6+Nn8jfK616NtW+aTN5S0EcW9fHbgfwU9UM', 3);
INSERT INTO usuario (nombre_usu, contraseña_usu, fk_rol) VALUES 
('fernando_muroles', '$argon2id$v=19$m=19456,t=2,p=1$Iqe2Wq3Q7VI5Jc4QCAJRsg$TGef6yKtDUmkHmwfikkKrdnXUfViGVgXGMH/shzbZ/I', 3);
INSERT INTO usuario (nombre_usu, contraseña_usu, fk_rol) VALUES 
('daniela_jimenes', '$argon2id$v=19$m=19456,t=2,p=1$ZgDeaoHKnGsOGnj9xEK9BA$BtS4Okhd49m1a46gs6idstXzIrzDSHotigVooINEL9g', 3);
INSERT INTO usuario (nombre_usu, contraseña_usu, fk_rol) VALUES 
('roberto_diaz', '$argon2id$v=19$m=19456,t=2,p=1$w32up2Eu8ICGu4K+Dn6IRw$Rhyw6nquAlEFxCgNgBAfq0Ef0pFBnemToeW8zirJwsw', 3);
INSERT INTO usuario (nombre_usu, contraseña_usu, fk_rol) VALUES 
('gabriela_pita', '$argon2id$v=19$m=19456,t=2,p=1$3WSYAbKDQ4y5dVbNX3fAWQ$/fKxRvyqV59X2yWD1pmALskvNiPBboVeyAgTqnZv508', 3);
INSERT INTO usuario (nombre_usu, contraseña_usu, fk_rol) VALUES 
('esteban_lara', '$argon2id$v=19$m=19456,t=2,p=1$rA225f3Dof5i39Hmkss+QQ$d0tMCpBB1FB5gerfAApZ2RarRiyhQTuQizJja2WQF2E', 3);
INSERT INTO usuario (nombre_usu, contraseña_usu, fk_rol) VALUES 
('natalia_soto', '$argon2id$v=19$m=19456,t=2,p=1$0OiFa8SKXVNd1Zu5DJccZQ$ZLlRv2yCdlgYltuhlTwNyR8Ob0QcGeKNKFqTy27X4XA', 3);
INSERT INTO usuario (nombre_usu, contraseña_usu, fk_rol) VALUES 
('alberto_castro', '$argon2id$v=19$m=19456,t=2,p=1$IboUlVNMYJQF969YarGLdw$4OIOKoh6cSsjCkcRjond5en/Zn7cp6ick3mnKhWWdxk', 3);
INSERT INTO usuario (nombre_usu, contraseña_usu, fk_rol) VALUES 
('veronica_reyes', '$argon2id$v=19$m=19456,t=2,p=1$mIE8qE0UAhhJMwFBmFtvHA$bBB2lvPSr2LnX62WcfnGW6aN1s4eIrbSvqa12kDgJYg', 3);
INSERT INTO usuario (nombre_usu, contraseña_usu, fk_rol) VALUES 
('emilio_ramis', '$argon2id$v=19$m=19456,t=2,p=1$hM3Xz6AYlXW60PTrSL+F1A$9nagu0pabqEZazOEq5cR4s6TvHzUj9WV3W4ZtLgBCDs', 3);
INSERT INTO usuario (nombre_usu, contraseña_usu, fk_rol) VALUES 
('patricia_ortiz', '$argon2id$v=19$m=19456,t=2,p=1$S24Ag8RJ+Y1duKYYJqOfzw$MXbQJWhB/3O2n5BEdnSSd/ZlP877ztMb7B6f61sfkuc', 3);
INSERT INTO usuario (nombre_usu, contraseña_usu, fk_rol) VALUES 
('cristina_navarro2', '$argon2id$v=19$m=19456,t=2,p=1$JUHeyXPcPI5Hrzck1zNtAQ$ZOpK9y38Wgh7DXN/TYBV0hOK+TQehWP/EiNOBXL7MPk', 3);
INSERT INTO usuario (nombre_usu, contraseña_usu, fk_rol) VALUES 
('alfonso_espina', '$argon2id$v=19$m=19456,t=2,p=1$s8h9wYLs9yom/q8y/mhZdQ$wsY5o/7evI9njfBlRlMuAZV7Ga+AgKI7gfWYRTVf5A8', 3);
INSERT INTO usuario (nombre_usu, contraseña_usu, fk_rol) VALUES 
('rosa_medina', '$argon2id$v=19$m=19456,t=2,p=1$WqUGvjY8NRKLyV0TB4l7Pw$yiMukJeDOcBwi/iRirKDfEbmc7gZkZodnpkRQE2LUFk', 3);
INSERT INTO usuario (nombre_usu, contraseña_usu, fk_rol) VALUES 
('hector_cordero', '$argon2id$v=19$m=19456,t=2,p=1$YnkyJEiuK7Y0YO20oJcZ5Q$uFFCWoRRXML8RoXIYZiTnPlaJFPO4u/FYjnUBAkUaCE', 3);
INSERT INTO usuario (nombre_usu, contraseña_usu, fk_rol) VALUES 
('marta_solis2', '$argon2id$v=19$m=19456,t=2,p=1$fMeLAukQZFh+UhRnhuvC3A$viDdK67lswav4JVUwb+amVL/4+MjPWWY1J2VRUqfY9A', 3);
INSERT INTO usuario (nombre_usu, contraseña_usu, fk_rol) VALUES 
('pablo_castro', '$argon2id$v=19$m=19456,t=2,p=1$oDTWEbdH5wsOQX9xY3Vx4Q$NbfIG6XaUjL78YXj04XBH8SMX0hUU/Q/e5oESpGBwTs', 3);
INSERT INTO usuario (nombre_usu, contraseña_usu, fk_rol) VALUES 
('claudia_flores2', '$argon2id$v=19$m=19456,t=2,p=1$SR4Eei9Y4dYykv/oMkwQRA$bP510pVkA1t9YsB5WEfX8wHW9BFs4ziLzpOr26EmtfE', 3);
INSERT INTO usuario (nombre_usu, contraseña_usu, fk_rol) VALUES 
('francisco_munos', '$argon2id$v=19$m=19456,t=2,p=1$TSOWtcem471g+T7zBPpkOw$J5A44zPBB1Uz8FnvT2Ofl0tAvfXu6rvbM4VxI+jRVAg', 3);
INSERT INTO usuario (nombre_usu, contraseña_usu, fk_rol) VALUES 
('ana_maria', '$argon2id$v=19$m=19456,t=2,p=1$aC8vYsdkanoTkWHIjIGM5g$ou4HivBtVDC55O5hNDnTOfJzsJboGpy4kdUMj6+jJ7U', 3);
INSERT INTO usuario (nombre_usu, contraseña_usu, fk_rol) VALUES 
('carlos_gomez3', '$argon2id$v=19$m=19456,t=2,p=1$GM3zlhjYjQCNJTPVNZe9ew$/rPQC8ywNesPe+QalkjmW6fCnIQeUIDwdxiU4EQCNOI', 3);
INSERT INTO usuario (nombre_usu, contraseña_usu, fk_rol) VALUES 
('laura_hernandez3', '$argon2id$v=19$m=19456,t=2,p=1$G/urVVxpLMAmTlLOspqYrA$5YpRAyTOmG1bctkEvktqGAMPLrM3DTCw0V/PWPRNHFE', 3);
INSERT INTO usuario (nombre_usu, contraseña_usu, fk_rol) VALUES 
('miguel_ramirez3', '$argon2id$v=19$m=19456,t=2,p=1$VXjzV22zNorj063utLyS8A$2TRJ2352NiftRMJAcKapkNcg+bNT+wc7KONCXA0y86E', 3);
INSERT INTO usuario (nombre_usu, contraseña_usu, fk_rol) VALUES 
('isabel_torres', '$argon2id$v=19$m=19456,t=2,p=1$BKDTKw8MqJJ/6DZ7lNZtyQ$sVe1uJMqtHVOFKuzc1aHJeEdWpd1+sS0E1GHOs0eKQI', 3);
INSERT INTO usuario (nombre_usu, contraseña_usu, fk_rol) VALUES 
('jorge_mendoza3', '$argon2id$v=19$m=19456,t=2,p=1$uXqWERitOwfVjxn/j4bK4w$3wYOKB8Y0C2ZIGW34cA0K2rL6PZbINeFeCyJs8T8mLY', 3);
INSERT INTO usuario (nombre_usu, contraseña_usu, fk_rol) VALUES 
('lucia_romero3', '$argon2id$v=19$m=19456,t=2,p=1$y/JyzYzi0c010NUwXvy/jg$AQtqijiWm5IH3mjSYQv8VC0jUVSdB5NuiKS7cbN+rHQ', 3);
INSERT INTO usuario (nombre_usu, contraseña_usu, fk_rol) VALUES 
('andres_castro3', '$argon2id$v=19$m=19456,t=2,p=1$uI+m51cael9FxeHRJ0KWsw$WZk7XQEyyiMWhHUBGAAWnScyv2g3Nwhs/guPK50Ud5w', 3);
INSERT INTO usuario (nombre_usu, contraseña_usu, fk_rol) VALUES 
('paula_suarez3', '$argon2id$v=19$m=19456,t=2,p=1$gxRqJXYrnbXImJqQn1QQUA$f07W+Yep6BeRcne88lZRmV+10xj0FQ1WbLl1Fxr4NgE', 3);
INSERT INTO usuario (nombre_usu, contraseña_usu, fk_rol) VALUES 
('diego_silva3', '$argon2id$v=19$m=19456,t=2,p=1$8FsaTGH13WU/H+2nZRQGAg$nCJoBsOMcP2EgHv4rqfTPA8g8DkKGkuxcqkl0tdZH6o', 3);
INSERT INTO usuario (nombre_usu, contraseña_usu, fk_rol) VALUES 
('elena_vargas2', '$argon2id$v=19$m=19456,t=2,p=1$X5E0QZzvaQRWxqAiu/w/Bw$UZGHafj91zo8mq1LNrLiMWWk93j7C742GzuQRM1EWYQ', 3);
INSERT INTO usuario (nombre_usu, contraseña_usu, fk_rol) VALUES 
('maria_navarro', '$argon2id$v=19$m=19456,t=2,p=1$1vpck5PS+hpcKyvrEkyX5A$G1WA2MYSTnPmali+i6Td4w0ZItUtLwrWSrCW2Wu+1Jw', 3);
INSERT INTO usuario (nombre_usu, contraseña_usu, fk_rol) VALUES 
('jose_rodriguez', '$argon2id$v=19$m=19456,t=2,p=1$zP0cWlk9OtCQfcCRkNC34Q$J8JgKKfflnHKPg79AuF6LRVPiwoa6vDoWzYLb3fGG0g', 3);
INSERT INTO usuario (nombre_usu, contraseña_usu, fk_rol) VALUES 
('raquel_castillo', '$argon2id$v=19$m=19456,t=2,p=1$QHo4ZuSbak/vNUrotI3pgg$y5LsXxEl6jXEsaEynEFt5/VQPF1S3zS2Ex6QEMCC+Co', 3);
INSERT INTO usuario (nombre_usu, contraseña_usu, fk_rol) VALUES 
('roberto_luna', '$argon2id$v=19$m=19456,t=2,p=1$IoGDrQpcuy2taRRib+2xuw$MAZyuYACfod3XxtHWkqWbcg/KH4eQ4lVuWKjmrNoUtQ', 3);
INSERT INTO usuario (nombre_usu, contraseña_usu, fk_rol) VALUES 
('patricia_aguilar', '$argon2id$v=19$m=19456,t=2,p=1$7mC/VxRKHGMrj0NDQTpstQ$XMWzwMKKPfEeo7qohpWQArTXb4iROwrEN1J29XuLLRw', 3);
INSERT INTO usuario (nombre_usu, contraseña_usu, fk_rol) VALUES 
('carmen_diaz', '$argon2id$v=19$m=19456,t=2,p=1$GLwvpwzrZ26OiFic1F6P+w$WO4daiv/7hwVElDvq8yTdkEk/fIdcKj85/SKOP+I614', 3);
INSERT INTO usuario (nombre_usu, contraseña_usu, fk_rol) VALUES 
('gustavo_perez', '$argon2id$v=19$m=19456,t=2,p=1$IjlTFtX+cpmfJ7c913EOew$H5K0Eix//BZDF1oaYbX502iDp7sr6Zmk0WAKO4km+2U', 3);
INSERT INTO usuario (nombre_usu, contraseña_usu, fk_rol) VALUES 
('elena_ortega', '$argon2id$v=19$m=19456,t=2,p=1$NL6Ex5vc5Ab+K8fIzf3ciw$gonZEGQRVCNj8j10SXgVLxbTqP+bUhPYWumYwhC210k', 3);
INSERT INTO usuario (nombre_usu, contraseña_usu, fk_rol) VALUES 
('luis_gomez', '$argon2id$v=19$m=19456,t=2,p=1$doXykxPdckcA4FODAkMg0g$7WZSO3vPuTA9dfmsXEdqf80zxChemJ5D8bwOEuzWobM', 3);
INSERT INTO usuario (nombre_usu, contraseña_usu, fk_rol) VALUES 
('cedrosamazonas', '$argon2id$v=19$m=19456,t=2,p=1$StiRzSLC6cUgN+BDRn5cug$KBai83g3Z1YFHmzdMepAdzGvZYGJyT5XCxWyPEM/ATQ', 4),
('industriaamazonica', '$argon2id$v=19$m=19456,t=2,p=1$G4OlmjDhpYJ6yCkIr1Ce+g$jPivo0/8cRs/a2q2v9xuW7gqGhAha3R+cYPJBeBql1c', 4),
('comerciollanos', '$argon2id$v=19$m=19456,t=2,p=1$S+KeWCeTTBgWBqdkJ/bO/A$SYcpaVVh76mgG6sBwAQTTf0tXWoTRywR4fyQJR6rRj0', 4),
('financierosplc', '$argon2id$v=19$m=19456,t=2,p=1$82bHIUSQjePvLPRG/B9HyA$WTSiBt2m52WXW+AIm77TTcVMQfKCHmAvVbAWirB3CPw', 4),
('agropecuariaapure', '$argon2id$v=19$m=19456,t=2,p=1$cHe9GFZmc1AZ56cL94HVlg$RL/A1SkVIjCSEKbJCMoPm9uPPRoHbN/xsIyCh0S1GHQ', 4),
('comercialapure', '$argon2id$v=19$m=19456,t=2,p=1$U1HQyVauKli4Kt64s/Y+zw$AaH/qMILz1FqGjQLBiW59zxkg6ZCMdwIiiDEeiMdF+o', 4),
('empresamaracay', '$argon2id$v=19$m=19456,t=2,p=1$qBtR+jyHPpAPjvZ3eLMxTA$1KjfR/IJp4+VeyQchRTVcR0hMnBcc5S3m+HtaogTzVI', 4),
('serviciosaragua', '$argon2id$v=19$m=19456,t=2,p=1$6M5TgoQ/EIiij7s0IGdBzA$xyWKrWaIB9gsHlpz/dT8bCzjCI6NtrIQlt8MwfCSQOY', 4),
('industriasbarinas', '$argon2id$v=19$m=19456,t=2,p=1$wrYbxD8TrMJtTzo/XDcN/w$mcRjoMWK/zuhDUMlGtPxogUdi4CZstGO8JfrkO2T83E', 4),
('comercializadorabarinas', '$argon2id$v=19$m=19456,t=2,p=1$excUFwqptSkDWubuiOugFQ$jDXR8fT88+h1QxXtfC5M55ebPfESL5IhTTMuHK+slfI', 4),
('industriasguayana', '$argon2id$v=19$m=19456,t=2,p=1$nlZUx3xvjZte/fBBocuzSg$id3Mvb64/eiLaY82HrxLmywQ9nVYbxLmkT6M2/lU0Zs', 4),
('comercialbolivar', '$argon2id$v=19$m=19456,t=2,p=1$vOOv5aVrmFU3WpRk8yc4Vw$doupCpAUTRBrWgRmsI3Cj5q7YI0fUoEGb9docXF0raA', 4),
('empresasvalencia', '$argon2id$v=19$m=19456,t=2,p=1$olsyGfBtiFo20v2+0egtsw$blcboBvtSfZ2zHPagnQZOyHm9zHv09SG4bD1od+1AFQ', 4),
('servicioscarabobo', '$argon2id$v=19$m=19456,t=2,p=1$pcyBOahKmuGvF2r2h+O6jw$4rrKliaZ06MxDRok6C1WBLGrTMh8cbFrcng75/tpExs', 4),
('centroagropecuario', '$argon2id$v=19$m=19456,t=2,p=1$fgs8ezPSyBYNOBxz6zRScw$+yi94R6Q8MOTr5OusxKcVLMlLFBL+0fav0AU92wT6bo', 4),
('productostinaco', '$argon2id$v=19$m=19456,t=2,p=1$Vz34X/+6lv0ClsPrSia1Cw$2iQCi+O7cafjKtWw2Gt+tDMBQYqdLJLQSawGGFBrL50', 4),
('comercialdelta', '$argon2id$v=19$m=19456,t=2,p=1$bPuELoSSFktOwK+Vzkmn6w$JcEvVl/C7Hl00Y++sID2zdkSp/184jlL/cz/i1SWECE', 4),
('deltaproductos', '$argon2id$v=19$m=19456,t=2,p=1$loK+WDQwMOXsTjtubki1uA$E929ICG30wg/zZeHdCQAODeePRbGV/mtD60G2qQlWcs', 4),
('empresasparaguana', '$argon2id$v=19$m=19456,t=2,p=1$7Jj3Av+rbwTfp3FvsvXNmw$hLODGoVK87H7KgIqA7GICJ7rPWi1bukGrwVWl2fp/fk', 4),
('serviciosfalcon', '$argon2id$v=19$m=19456,t=2,p=1$eeXDbjueOmO9YPVBWe181w$0EzRorHlqPFz3WfHS3Xf+MDd6W6QwbhTeP7Nyp+ptEk', 4),
('comercialsanjuan', '$argon2id$v=19$m=19456,t=2,p=1$xhH6hk8aulsxxpu5OZvDXw$PcadKtUwrtadckuvv13qqbbw1tb/SXnnWozQVYAdPts', 4),
('empresascalabozo', '$argon2id$v=19$m=19456,t=2,p=1$Rya+Bf5I7Rnq2dzydm3xLA$xWDKo83R2LZfgqFgDalouR6zkOy0OtVOT+LAOc94wdc', 4),
('industriasbarquisimeto', '$argon2id$v=19$m=19456,t=2,p=1$3lVoDch9Tux2DhMA4W6dTw$OeYjlgV0WLTy5drPBIterJG1hBc/wjqKjXcjottOEHI', 4),
('comercialcarora', '$argon2id$v=19$m=19456,t=2,p=1$1Dijagr7v8srazjI1iazBw$wwiPsa9toWuzts58BoDsw+weA9tpaoVjnvMFSNY1iNY', 4),
('empresasmerida', '$argon2id$v=19$m=19456,t=2,p=1$JYvoR7BURC755QaFJpzLLA$CynZ3stKTsteOMgYNnoQqtH/s0zuqbSBw9xOw7mOsK0', 4);

INSERT INTO usuario (nombre_usu, contraseña_usu, fk_rol) VALUES 
('comercialelvigia', '$argon2id$v=19$m=19456,t=2,p=1$HFewgcV578Bb5AN3kZI6MA$cflwXbqiHgkT5lXgoEZszu1Ltq83rCl4OByPVrhP8oU', 4),
('empresaslosteques', '$argon2id$v=19$m=19456,t=2,p=1$8pey6VrGnZdAbqmOVZj7Nw$mBfnFbo0SDJe7ZPyh6fCW2y1me9UYoBMjJTtOiGqr70', 4),
('comercialguarenas', '$argon2id$v=19$m=19456,t=2,p=1$2Kfsoi5b1EYsEZr3jQmfPQ$D1g5mNA+zu5zxIYr+hGzznENV+rusGx3gZA7IO4IjCU', 4),
('industriasmaturin', '$argon2id$v=19$m=19456,t=2,p=1$DKNSHGfjTaopBF2eS6Lj2A$rGY+mNP1Po/rKpm2FpycnD8NXY/e0LlM26+02hqLhLM', 4),
('comercialcaripito', '$argon2id$v=19$m=19456,t=2,p=1$X+y5BW84ADszhMjffw355w$PRB3+WX7kOxa0Nh8i9S5PuxzA4SjJuab8TBWRIP6CQA', 4),
('empresasporlamar', '$argon2id$v=19$m=19456,t=2,p=1$kN0mz6BhmwHDZ4ZeeRgLCw$3uppG845MKy0QUxawneXm8at2zfJBmYKSheXsnmGxIE', 4),
('comercialjuangriego', '$argon2id$v=19$m=19456,t=2,p=1$dnScItFgISV5LEkkuP0kUQ$2WQ9jfFEN2/nBtYEp1Mb5dyw4E6zMKWw71RgNGzXCaI', 4),
('empresasacarigua', '$argon2id$v=19$m=19456,t=2,p=1$MgZDc5rzoW/zP/6oWJ/H2A$OcRJn9jFo40+lrxH3o29bTBp/eg3Ag4IFYQuoXtVAU8', 4),
('comercialguanare', '$argon2id$v=19$m=19456,t=2,p=1$1rzBzzG8SBTPxp/gmwIG3A$YIJujpFfMQJCQVWVkTH6+seOX14BRrEGd8h/ddZB890', 4),
('empresascumana', '$argon2id$v=19$m=19456,t=2,p=1$C8BpIouzFa9mZGYiMik4xg$xoRvij7/ave9O4SqsQfrNJoCpG6Un3ERqaOORLGU6pk', 4),
('comercialcarupano', '$argon2id$v=19$m=19456,t=2,p=1$ry60IZzn5xelkTYlCWsi/g$YmNCvDHUjBpXJlDjQiTNAhO72DoP5rJWaXs4z2GIvIg', 4),
('empresassancristobal', '$argon2id$v=19$m=19456,t=2,p=1$kz/CPjiJJzXtcy14ZXF8sg$lgoRLdc361WgiHfjApA8HfvJfI46EUjvcYjr1C6o39g', 4),
('comercialsanantonio', '$argon2id$v=19$m=19456,t=2,p=1$EZLLfwktLrU5npoPP6aHZQ$rLPvGJ/0fds/UP/lKcFCjl31X86AhzJD7OhNjaI5Ydg', 4),
('empresasvalera', '$argon2id$v=19$m=19456,t=2,p=1$wWZHnuyx+T+0bBN49aPa0g$0PLyb3UkiCjjdYxex6vXD5oqnwQ40NlKU2w2lY52PzM', 4),
('comercialtrujillo', '$argon2id$v=19$m=19456,t=2,p=1$bY2mpnUftVz4RptOwIBeuw$D7X1zmOXFKtmsLJ0kqYRFF9wFCdH9b+HYj7H34M9mAA', 4),
('empresaslaguaira', '$argon2id$v=19$m=19456,t=2,p=1$5gqf9PpkxY7UGHl7UJOKhg$wc7lgDc/Q7n6hMQ+u/lkA8pUfjn+T/g8UN+Ifra2jHE', 4),
('comercialmaiquetia', '$argon2id$v=19$m=19456,t=2,p=1$HJxgWPaKZsKmF9JNv83fKg$dslA2tVeVn4ocObDSZIzEucnLjXjieX2WSdTtUlV1/s', 4),
('empresassanfelipe', '$argon2id$v=19$m=19456,t=2,p=1$T3gv7nDh80WglFXz3UQeLA$drJkGc1VAKW7r4nI4rrRiYm09u2XK6TeA4+ARZudwOw', 4),
('comercialyaritagua', '$argon2id$v=19$m=19456,t=2,p=1$GstlzE6c5oaeKg8J+RygNQ$+rXqh0uiSDBQQoeyrZ8o+lwA9yip4qjLkp9SleXzQGQ', 4),
('empresasmaracaibo', '$argon2id$v=19$m=19456,t=2,p=1$E8M/nE70Q79NUMuxu9avvQ$aetwUgiHXRnnYyMqj2ldPjkHc6QmRwGI9IwPw7hi7vM', 4),
('comercialcabimas', '$argon2id$v=19$m=19456,t=2,p=1$IGPUzKUJsTfWSsPjONDWhQ$9wvYzjZ67fOZHRHzBeWCExbJXjMc//gTIMbnTrhQIlI', 4),
('empresascaracas', '$argon2id$v=19$m=19456,t=2,p=1$BfxayslZZBrqYRgUMacPYQ$PjF7wwtFK8X0Tjg+8yT/0WRGTm2nOLT6cgSB33Pq10g', 4),
('comercialelhatillo', '$argon2id$v=19$m=19456,t=2,p=1$81/TXuEtC+nc2Byhts/lhw$JavC6M3+9m0X5/DLZONNl2JoX2BfCULdXC5XwZQPJMQ', 4),
('sofia', '$argon2id$v=19$m=19456,t=2,p=1$NvFMivOjM2M1zdXtAMqZWw$89B1AJyRVdfj1AfQrQAOv76PO09RzMivKfzQQnxrIDo', 1),
('david_hidalgo', '$argon2id$v=19$m=19456,t=2,p=1$MC3SZ0NtQZn9EAYtnD4KHw$A9nD/QSW0xDvg/IAknaGMwtQO0RSWQVtDA2om/x4i9s', 1),
('david','$argon2id$v=19$m=19456,t=2,p=1$rWxVD4q/WDUeOInnLV4ekw$1YYD6DcPZRhu35o28TliUWZbzLYFimVjORsEwwllGjA',1),
('sofia_wilson', '$argon2id$v=19$m=19456,t=2,p=1$fy7EGFqq8CrWS31UYAW7ZQ$GFYdUYwrXYZaAl/wY7L/wXPEn4GwfwqFmnUsOTdirXs', 1),
('german', '$argon2id$v=19$m=19456,t=2,p=1$Ms6Gi+AHH7npm5S+jHkL+w$plVt+wB7GQd++20KuOQaLnRK5cUsUQ72JH0SwXxm9Ys', 1),
('german_oropeza', '$argon2id$v=19$m=19456,t=2,p=1$STZNe2yxaYJr8fpUpDxffA$cBIvRkKac15QQhD5a4FQTFmYBre5VtHQPgJobwGgJVg', 1);



INSERT INTO modelo_avion (codigo_ma, nombre_ma, descripcion_ma, precio_unidad_ma, fk_modelo_avion) VALUES
(1, 'Au-80', 'Reactor para pasajeros, destinado a rutas de largo alcance', 1000000, NULL);


INSERT INTO modelo_avion (codigo_ma, nombre_ma, descripcion_ma, precio_unidad_ma, fk_modelo_avion) VALUES
(2, 'Au-801', 'Modelo derivado de Au-80 para rutas menos largas', 900000, 1),
(3, 'Au-802', 'Modelo derivado de Au-80 concebido para rutas medias y cortas con capacidad similar', 1300000, 1);


INSERT INTO modelo_avion (codigo_ma, nombre_ma, descripcion_ma, precio_unidad_ma, fk_modelo_avion) VALUES
(4, 'Au-802A', 'Modelo derivado de Au-802 de mayor capacidad de pasajeros', 1350000, 3),
(5, 'Au-802B', 'Modelo derivado de Au-802 para distancias medias', 1360000, 3),
(6, 'Au-802C', 'Modelo derivado de Au-802 para distancias largas y medias', 1370000, 3),
(7, 'Au-802D', 'Modelo derivado de Au-802 para distancias largas', 1380000, 3),
(8, 'Au-802E', 'El segundo modelo derivado de Au-802 mas grande', 1390000, 3),
(9, 'Au-802F', 'Modelo derivado de Au802 con la mayor capacidad de pasajeros', 1400000, 3);


INSERT INTO modelo_avion (codigo_ma, nombre_ma, descripcion_ma, precio_unidad_ma, fk_modelo_avion) VALUES
(10, 'Au-747', 'Avión persona transcontinental de fuselaje ancho', 2000000, NULL);


INSERT INTO modelo_avion (codigo_ma, nombre_ma, descripcion_ma, precio_unidad_ma, fk_modelo_avion) VALUES
(11, 'Au-747Plus', 'Modelo derivado de Au-747, mayor avion persona de la historia en Venezuela', 2200000, 10),
(12, 'Au-747Platinum', 'Modelo derivado de Au-747 para recorridos medios', 2300000, 10),
(13, 'Au-747Gold', 'Modelo derivado de Au-747 para recorridos medios y largos y con licencia para sobrevolar oceanos', 2400000, 10),
(14, 'Au-747Silver', 'Modelo derivado de Au-747 para rutas largas con autonomia para sobrevolar oceanos', 2500000, 10);


INSERT INTO modelo_avion (codigo_ma, nombre_ma, descripcion_ma, precio_unidad_ma, fk_modelo_avion) VALUES
(15, 'Au-747SilverB', 'Modelo  derivado de Au-747Silver de mayor tamaño', 2600000, 14);


INSERT INTO modelo_avion (codigo_ma, nombre_ma, descripcion_ma, precio_unidad_ma, fk_modelo_avion) VALUES
(16, 'Au-87A', 'Avion para pasajeros mas vendido en la historia, birreactor para rutas cortas y medias', 2700000, NULL);


INSERT INTO modelo_avion (codigo_ma, nombre_ma, descripcion_ma, precio_unidad_ma, fk_modelo_avion) VALUES
(17, 'Au-87A de Negocios', 'Modelo derivado de Au-87A con mayor capacidad de pasajeros', 2800000, 16);


INSERT INTO persona (codigo_com, direccion_com, monto_acreditado_com, fecha_inicio_operacion_com, tipo_com, nacionalidad_com, fk_lugar, fk_usuario, tipo_persona_com, rif_jur, denominacion_persona_jur, razon_social_jur, pagina_web_jur, cedula_nat, primer_nombre_nat, segundo_nombre_nat, primer_apellido_nat, segundo_apellido_nat)
VALUES (1, 'Calle Principal 123, Amazonas', 10000.0, '2022-01-01', 'cliente', 'venezolana', 1, 1, 'juridico', 'J-00000001-1', 'Empresa Amazonas', 'Empresa Amazonas S.A.', 'www.amazonas.com.ve', NULL, NULL, NULL, NULL, NULL);

INSERT INTO persona (codigo_com, direccion_com, monto_acreditado_com, fecha_inicio_operacion_com, tipo_com, nacionalidad_com, fk_lugar, fk_usuario, tipo_persona_com, rif_jur, denominacion_persona_jur, razon_social_jur, pagina_web_jur, cedula_nat, primer_nombre_nat, segundo_nombre_nat, primer_apellido_nat, segundo_apellido_nat)
VALUES (2, 'Avenida Bolívar 456, Amazonas', 15000.0, '2022-02-01', 'cliente', 'venezolana', 1, 2, 'natural', NULL, NULL, NULL, NULL, 'V-12345678-1', 'Carlos', NULL, 'Pérez', NULL);

INSERT INTO persona (codigo_com, direccion_com, monto_acreditado_com, fecha_inicio_operacion_com, tipo_com, nacionalidad_com, fk_lugar, fk_usuario, tipo_persona_com, rif_jur, denominacion_persona_jur, razon_social_jur, pagina_web_jur, cedula_nat, primer_nombre_nat, segundo_nombre_nat, primer_apellido_nat, segundo_apellido_nat)
VALUES (3, 'Calle Secundaria 789, Amazonas', 20000.0, '2022-03-01', 'cliente', 'venezolana', 1, 3, 'juridico', 'J-00000002-2', 'Servicio Amazonas', 'Servicio Amazonas C.A.', 'www.serviciosamazonas.com', NULL, NULL, NULL, NULL, NULL);

INSERT INTO persona (codigo_com, direccion_com, monto_acreditado_com, fecha_inicio_operacion_com, tipo_com, nacionalidad_com, fk_lugar, fk_usuario, tipo_persona_com, rif_jur, denominacion_persona_jur, razon_social_jur, pagina_web_jur, cedula_nat, primer_nombre_nat, segundo_nombre_nat, primer_apellido_nat, segundo_apellido_nat)
VALUES (4, 'Avenida Principal 123, Amazonas', 25000.0, '2022-04-01', 'cliente', 'venezolana', 1, 4, 'natural', NULL, NULL, NULL, NULL, 'V-87654321-2', 'María', 'Isabel', 'González', 'Fernández');

INSERT INTO persona (codigo_com, direccion_com, monto_acreditado_com, fecha_inicio_operacion_com, tipo_com, nacionalidad_com, fk_lugar, fk_usuario, tipo_persona_com, rif_jur, denominacion_persona_jur, razon_social_jur, pagina_web_jur, cedula_nat, primer_nombre_nat, segundo_nombre_nat, primer_apellido_nat, segundo_apellido_nat)
VALUES (5, 'Calle Libertador 123, Anzoátegui', 11000.0, '2022-05-01', 'cliente', 'venezolana', 2, 5, 'juridico', 'J-00000003-3', 'Empresa Anzoátegui', 'Empresa Anzoátegui S.A.', 'www.anzotegui.com.ve', NULL, NULL, NULL, NULL, NULL);

INSERT INTO persona (codigo_com, direccion_com, monto_acreditado_com, fecha_inicio_operacion_com, tipo_com, nacionalidad_com, fk_lugar, fk_usuario, tipo_persona_com, rif_jur, denominacion_persona_jur, razon_social_jur, pagina_web_jur, cedula_nat, primer_nombre_nat, segundo_nombre_nat, primer_apellido_nat, segundo_apellido_nat)
VALUES (6, 'Avenida Vargas 456, Anzoátegui', 12000.0, '2022-06-01', 'cliente', 'venezolana', 2, 6, 'natural', NULL, NULL, NULL, NULL, 'V-23456789-3', 'Pedro', 'Luis', 'Martínez', 'Rojas');

INSERT INTO persona (codigo_com, direccion_com, monto_acreditado_com, fecha_inicio_operacion_com, tipo_com, nacionalidad_com, fk_lugar, fk_usuario, tipo_persona_com, rif_jur, denominacion_persona_jur, razon_social_jur, pagina_web_jur, cedula_nat, primer_nombre_nat, segundo_nombre_nat, primer_apellido_nat, segundo_apellido_nat)
VALUES (7, 'Calle Sol 789, Anzoátegui', 13000.0, '2022-07-01', 'cliente', 'venezolana', 2, 7, 'juridico', 'J-00000004-4', 'Servicios Anzoátegui', 'Servicios Anzoátegui C.A.', 'www.serviciosanzoategui.com', NULL, NULL, NULL, NULL, NULL);

INSERT INTO persona (codigo_com, direccion_com, monto_acreditado_com, fecha_inicio_operacion_com, tipo_com, nacionalidad_com, fk_lugar, fk_usuario, tipo_persona_com, rif_jur, denominacion_persona_jur, razon_social_jur, pagina_web_jur, cedula_nat, primer_nombre_nat, segundo_nombre_nat, primer_apellido_nat, segundo_apellido_nat)
VALUES (8, 'Avenida Luz 123, Anzoátegui', 14000.0, '2022-08-01', 'cliente', 'venezolana', 2, 8, 'natural', NULL, NULL, NULL, NULL, 'V-98765432-4', 'Ana', 'María', 'Rodríguez', 'Pérez');

INSERT INTO persona (codigo_com, direccion_com, monto_acreditado_com, fecha_inicio_operacion_com, tipo_com, nacionalidad_com, fk_lugar, fk_usuario, tipo_persona_com, rif_jur, denominacion_persona_jur, razon_social_jur, pagina_web_jur, cedula_nat, primer_nombre_nat, segundo_nombre_nat, primer_apellido_nat, segundo_apellido_nat)
VALUES (9, 'Calle Principal 123, Apure', 16000.0, '2022-09-01', 'cliente', 'venezolana', 3, 9, 'juridico', 'J-00000005-5', 'Empresa Apure', 'Empresa Apure S.A.', 'www.apure.com.ve', NULL, NULL, NULL, NULL, NULL);

INSERT INTO persona (codigo_com, direccion_com, monto_acreditado_com, fecha_inicio_operacion_com, tipo_com, nacionalidad_com, fk_lugar, fk_usuario, tipo_persona_com, rif_jur, denominacion_persona_jur, razon_social_jur, pagina_web_jur, cedula_nat, primer_nombre_nat, segundo_nombre_nat, primer_apellido_nat, segundo_apellido_nat)
VALUES (10, 'Avenida Bolívar 456, Apure', 17000.0, '2022-10-01', 'cliente', 'venezolana', 3, 10, 'natural', NULL, NULL, NULL, NULL, 'V-34567890-5', 'Javier', NULL, 'Martínez', 'López');

INSERT INTO persona (codigo_com, direccion_com, monto_acreditado_com, fecha_inicio_operacion_com, tipo_com, nacionalidad_com, fk_lugar, fk_usuario, tipo_persona_com, rif_jur, denominacion_persona_jur, razon_social_jur, pagina_web_jur, cedula_nat, primer_nombre_nat, segundo_nombre_nat, primer_apellido_nat, segundo_apellido_nat)
VALUES (11, 'Calle Secundaria 789, Apure', 18000.0, '2022-11-01', 'cliente', 'venezolana', 3, 11, 'juridico', 'J-00000006-6', 'Servicios Apure', 'Servicios Apure C.A.', 'www.serviciosapure.com', NULL, NULL, NULL, NULL, NULL);

INSERT INTO persona (codigo_com, direccion_com, monto_acreditado_com, fecha_inicio_operacion_com, tipo_com, nacionalidad_com, fk_lugar, fk_usuario, tipo_persona_com, rif_jur, denominacion_persona_jur, razon_social_jur, pagina_web_jur, cedula_nat, primer_nombre_nat, segundo_nombre_nat, primer_apellido_nat, segundo_apellido_nat)
VALUES (12, 'Avenida Principal 123, Apure', 19000.0, '2022-12-01', 'cliente', 'venezolana', 3, 12, 'natural', NULL, NULL, NULL, NULL, 'V-65432198-6', 'Laura', 'Beatriz', 'Hernández', 'Gómez');

INSERT INTO persona (codigo_com, direccion_com, monto_acreditado_com, fecha_inicio_operacion_com, tipo_com, nacionalidad_com, fk_lugar, fk_usuario, tipo_persona_com, rif_jur, denominacion_persona_jur, razon_social_jur, pagina_web_jur, cedula_nat, primer_nombre_nat, segundo_nombre_nat, primer_apellido_nat, segundo_apellido_nat)
VALUES (13, 'Calle Libertador 123, Aragua', 21000.0, '2023-01-01', 'cliente', 'venezolana', 4, 13, 'juridico', 'J-00000007-7', 'Empresa Aragua', 'Empresa Aragua S.A.', 'www.aragua.com.ve', NULL, NULL, NULL, NULL, NULL);

INSERT INTO persona (codigo_com, direccion_com, monto_acreditado_com, fecha_inicio_operacion_com, tipo_com, nacionalidad_com, fk_lugar, fk_usuario, tipo_persona_com, rif_jur, denominacion_persona_jur, razon_social_jur, pagina_web_jur, cedula_nat, primer_nombre_nat, segundo_nombre_nat, primer_apellido_nat, segundo_apellido_nat)
VALUES (14, 'Avenida Bolívar 456, Aragua', 22000.0, '2023-02-01', 'cliente', 'venezolana', 4, 14, 'natural', NULL, NULL, NULL, NULL, 'V-56789012-7', 'José', NULL, 'Gómez', 'Ramírez');

INSERT INTO persona (codigo_com, direccion_com, monto_acreditado_com, fecha_inicio_operacion_com, tipo_com, nacionalidad_com, fk_lugar, fk_usuario, tipo_persona_com, rif_jur, denominacion_persona_jur, razon_social_jur, pagina_web_jur, cedula_nat, primer_nombre_nat, segundo_nombre_nat, primer_apellido_nat, segundo_apellido_nat)
VALUES (15, 'Calle Secundaria 789, Aragua', 23000.0, '2023-03-01', 'cliente', 'venezolana', 4, 15, 'juridico', 'J-00000008-8', 'Servicio de Aragua', 'Servicio de Aragua C.A.', 'www.servicioaragua.com', NULL, NULL, NULL, NULL, NULL);

INSERT INTO persona (codigo_com, direccion_com, monto_acreditado_com, fecha_inicio_operacion_com, tipo_com, nacionalidad_com, fk_lugar, fk_usuario, tipo_persona_com, rif_jur, denominacion_persona_jur, razon_social_jur, pagina_web_jur, cedula_nat, primer_nombre_nat, segundo_nombre_nat, primer_apellido_nat, segundo_apellido_nat)
VALUES (16, 'Avenida Principal 123, Aragua', 24000.0, '2023-04-01', 'cliente', 'venezolana', 4, 16, 'natural', NULL, NULL, NULL, NULL, 'V-76543219-8', 'Sara', 'Carolina', 'Sánchez', 'Fernández');

INSERT INTO persona (codigo_com, direccion_com, monto_acreditado_com, fecha_inicio_operacion_com, tipo_com, nacionalidad_com, fk_lugar, fk_usuario, tipo_persona_com, rif_jur, denominacion_persona_jur, razon_social_jur, pagina_web_jur, cedula_nat, primer_nombre_nat, segundo_nombre_nat, primer_apellido_nat, segundo_apellido_nat)
VALUES (17, 'Calle Libertador 123, Barinas', 25000.0, '2023-05-01', 'cliente', 'venezolana', 5, 17, 'juridico', 'J-00000009-9', 'Empresa Barinas', 'Empresa Barinas S.A.', 'www.barinas.com.ve', NULL, NULL, NULL, NULL, NULL);

INSERT INTO persona (codigo_com, direccion_com, monto_acreditado_com, fecha_inicio_operacion_com, tipo_com, nacionalidad_com, fk_lugar, fk_usuario, tipo_persona_com, rif_jur, denominacion_persona_jur, razon_social_jur, pagina_web_jur, cedula_nat, primer_nombre_nat, segundo_nombre_nat, primer_apellido_nat, segundo_apellido_nat)
VALUES (18, 'Avenida Bolívar 456, Barinas', 26000.0, '2023-06-01', 'cliente', 'venezolana', 5, 18, 'natural', NULL, NULL, NULL, NULL, 'V-87654321-9', 'Miguel', NULL, 'Pérez', 'Rodríguez');

INSERT INTO persona (codigo_com, direccion_com, monto_acreditado_com, fecha_inicio_operacion_com, tipo_com, nacionalidad_com, fk_lugar, fk_usuario, tipo_persona_com, rif_jur, denominacion_persona_jur, razon_social_jur, pagina_web_jur, cedula_nat, primer_nombre_nat, segundo_nombre_nat, primer_apellido_nat, segundo_apellido_nat)
VALUES (19, 'Calle Secundaria 789, Barinas', 27000.0, '2023-07-01', 'cliente', 'venezolana', 5, 19, 'juridico', 'J-00000010-0', 'Servicios Barinas', 'Servicios Barinas C.A.', 'www.serviciosbarinas.com', NULL, NULL, NULL, NULL, NULL);

INSERT INTO persona (codigo_com, direccion_com, monto_acreditado_com, fecha_inicio_operacion_com, tipo_com, nacionalidad_com, fk_lugar, fk_usuario, tipo_persona_com, rif_jur, denominacion_persona_jur, razon_social_jur, pagina_web_jur, cedula_nat, primer_nombre_nat, segundo_nombre_nat, primer_apellido_nat, segundo_apellido_nat)
VALUES (20, 'Avenida Principal 123, Barinas', 28000.0, '2023-08-01', 'cliente', 'venezolana', 5, 20, 'natural', NULL, NULL, NULL, NULL, 'V-76543210-0', 'Laura', 'Andrea', 'Gómez', 'Martínez');

INSERT INTO persona (codigo_com, direccion_com, monto_acreditado_com, fecha_inicio_operacion_com, tipo_com, nacionalidad_com, fk_lugar, fk_usuario, tipo_persona_com, rif_jur, denominacion_persona_jur, razon_social_jur, pagina_web_jur, cedula_nat, primer_nombre_nat, segundo_nombre_nat, primer_apellido_nat, segundo_apellido_nat)
VALUES (21, 'Calle Principal 123, Bolívar', 29000.0, '2023-09-01', 'cliente', 'venezolana', 6, 21, 'juridico', 'J-00000011-1', 'Empresa Bolívar', 'Empresa Bolívar S.A.', 'www.bolivar.com.ve', NULL, NULL, NULL, NULL, NULL);

INSERT INTO persona (codigo_com, direccion_com, monto_acreditado_com, fecha_inicio_operacion_com, tipo_com, nacionalidad_com, fk_lugar, fk_usuario, tipo_persona_com, rif_jur, denominacion_persona_jur, razon_social_jur, pagina_web_jur, cedula_nat, primer_nombre_nat, segundo_nombre_nat, primer_apellido_nat, segundo_apellido_nat)
VALUES (22, 'Avenida Bolívar 456, Bolívar', 30000.0, '2023-10-01', 'cliente', 'venezolana', 6, 22, 'natural', NULL, NULL, NULL, NULL, 'V-87654321-1', 'Luis', NULL, 'Fernández', 'García');

INSERT INTO persona (codigo_com, direccion_com, monto_acreditado_com, fecha_inicio_operacion_com, tipo_com, nacionalidad_com, fk_lugar, fk_usuario, tipo_persona_com, rif_jur, denominacion_persona_jur, razon_social_jur, pagina_web_jur, cedula_nat, primer_nombre_nat, segundo_nombre_nat, primer_apellido_nat, segundo_apellido_nat)
VALUES (23, 'Calle Secundaria 789, Bolívar', 31000.0, '2023-11-01', 'cliente', 'venezolana', 6, 23, 'juridico', 'J-00000012-2', 'Servicios Bolívar', 'Servicios Bolívar C.A.', 'www.serviciosbolivar.com', NULL, NULL, NULL, NULL, NULL);

INSERT INTO persona (codigo_com, direccion_com, monto_acreditado_com, fecha_inicio_operacion_com, tipo_com, nacionalidad_com, fk_lugar, fk_usuario, tipo_persona_com, rif_jur, denominacion_persona_jur, razon_social_jur, pagina_web_jur, cedula_nat, primer_nombre_nat, segundo_nombre_nat, primer_apellido_nat, segundo_apellido_nat)
VALUES (24, 'Avenida Principal 123, Bolívar', 32000.0, '2023-12-01', 'cliente', 'venezolana', 6, 24, 'natural', NULL, NULL, NULL, NULL, 'V-76543210-1', 'Ana', 'María', 'Rodríguez', 'Pérez');

INSERT INTO persona (codigo_com, direccion_com, monto_acreditado_com, fecha_inicio_operacion_com, tipo_com, nacionalidad_com, fk_lugar, fk_usuario, tipo_persona_com, rif_jur, denominacion_persona_jur, razon_social_jur, pagina_web_jur, cedula_nat, primer_nombre_nat, segundo_nombre_nat, primer_apellido_nat, segundo_apellido_nat)
VALUES (25, 'Calle Libertador 123, Carabobo', 33000.0, '2024-01-01', 'cliente', 'venezolana', 7, 25, 'juridico', 'J-00000013-3', 'Empresa Carabobo', 'Empresa Carabobo S.A.', 'www.carabobo.com.ve', NULL, NULL, NULL, NULL, NULL);

INSERT INTO persona (codigo_com, direccion_com, monto_acreditado_com, fecha_inicio_operacion_com, tipo_com, nacionalidad_com, fk_lugar, fk_usuario, tipo_persona_com, rif_jur, denominacion_persona_jur, razon_social_jur, pagina_web_jur, cedula_nat, primer_nombre_nat, segundo_nombre_nat, primer_apellido_nat, segundo_apellido_nat)
VALUES (26, 'Avenida Bolívar 456, Carabobo', 34000.0, '2024-02-01', 'cliente', 'venezolana', 7, 26, 'natural', NULL, NULL, NULL, NULL, 'V-98765432-3', 'Pedro', NULL, 'Gómez', 'Ramírez');

INSERT INTO persona (codigo_com, direccion_com, monto_acreditado_com, fecha_inicio_operacion_com, tipo_com, nacionalidad_com, fk_lugar, fk_usuario, tipo_persona_com, rif_jur, denominacion_persona_jur, razon_social_jur, pagina_web_jur, cedula_nat, primer_nombre_nat, segundo_nombre_nat, primer_apellido_nat, segundo_apellido_nat)
VALUES (27, 'Calle Secundaria 789, Carabobo', 35000.0, '2024-03-01', 'cliente', 'venezolana', 7, 27, 'juridico', 'J-00000014-4', 'Servicios Carabobo', 'Servicios Carabobo C.A.', 'www.servicioscarabobo.com', NULL, NULL, NULL, NULL, NULL);

INSERT INTO persona (codigo_com, direccion_com, monto_acreditado_com, fecha_inicio_operacion_com, tipo_com, nacionalidad_com, fk_lugar, fk_usuario, tipo_persona_com, rif_jur, denominacion_persona_jur, razon_social_jur, pagina_web_jur, cedula_nat, primer_nombre_nat, segundo_nombre_nat, primer_apellido_nat, segundo_apellido_nat)
VALUES (28, 'Avenida Principal 123, Carabobo', 36000.0, '2024-04-01', 'cliente', 'venezolana', 7, 28, 'natural', NULL, NULL, NULL, NULL, 'V-65432109-4', 'Carla', 'Beatriz', 'Pérez', 'Sánchez');

INSERT INTO persona (codigo_com, direccion_com, monto_acreditado_com, fecha_inicio_operacion_com, tipo_com, nacionalidad_com, fk_lugar, fk_usuario, tipo_persona_com, rif_jur, denominacion_persona_jur, razon_social_jur, pagina_web_jur, cedula_nat, primer_nombre_nat, segundo_nombre_nat, primer_apellido_nat, segundo_apellido_nat)
VALUES (29, 'Calle Libertador 123, Cojedes', 37000.0, '2024-05-01', 'cliente', 'venezolana', 8, 29, 'juridico', 'J-00000015-5', 'Empresa Cojedes', 'Empresa Cojedes S.A.', 'www.cojedes.com.ve', NULL, NULL, NULL, NULL, NULL);

INSERT INTO persona (codigo_com, direccion_com, monto_acreditado_com, fecha_inicio_operacion_com, tipo_com, nacionalidad_com, fk_lugar, fk_usuario, tipo_persona_com, rif_jur, denominacion_persona_jur, razon_social_jur, pagina_web_jur, cedula_nat, primer_nombre_nat, segundo_nombre_nat, primer_apellido_nat, segundo_apellido_nat)
VALUES (30, 'Avenida Bolívar 456, Cojedes', 38000.0, '2024-06-01', 'cliente', 'venezolana', 8, 30, 'natural', NULL, NULL, NULL, NULL, 'V-76543210-5', 'Diego', NULL, 'Fernández', 'Morales');

INSERT INTO persona (codigo_com, direccion_com, monto_acreditado_com, fecha_inicio_operacion_com, tipo_com, nacionalidad_com, fk_lugar, fk_usuario, tipo_persona_com, rif_jur, denominacion_persona_jur, razon_social_jur, pagina_web_jur, cedula_nat, primer_nombre_nat, segundo_nombre_nat, primer_apellido_nat, segundo_apellido_nat)
VALUES (31, 'Calle Secundaria 789, Cojedes', 39000.0, '2024-07-01', 'cliente', 'venezolana', 8, 31, 'juridico', 'J-00000016-6', 'Servicios Cojedes', 'Servicios Cojedes C.A.', 'www.servicioscojedes.com', NULL, NULL, NULL, NULL, NULL);

INSERT INTO persona (codigo_com, direccion_com, monto_acreditado_com, fecha_inicio_operacion_com, tipo_com, nacionalidad_com, fk_lugar, fk_usuario, tipo_persona_com, rif_jur, denominacion_persona_jur, razon_social_jur, pagina_web_jur, cedula_nat, primer_nombre_nat, segundo_nombre_nat, primer_apellido_nat, segundo_apellido_nat)
VALUES (32, 'Avenida Principal 123, Cojedes', 40000.0, '2024-08-01', 'cliente', 'venezolana', 8, 32, 'natural', NULL, NULL, NULL, NULL, 'V-43210987-6', 'Laura', 'Beatriz', 'Hernández', 'Gómez');

INSERT INTO persona (codigo_com, direccion_com, monto_acreditado_com, fecha_inicio_operacion_com, tipo_com, nacionalidad_com, fk_lugar, fk_usuario, tipo_persona_com, rif_jur, denominacion_persona_jur, razon_social_jur, pagina_web_jur, cedula_nat, primer_nombre_nat, segundo_nombre_nat, primer_apellido_nat, segundo_apellido_nat)
VALUES (33, 'Calle Libertador 123, Delta Amacuro', 41000.0, '2024-09-01', 'cliente', 'venezolana', 9, 33, 'juridico', 'J-00000017-7', 'Empresa Delta Amacuro', 'Empresa Delta Amacuro S.A.', 'www.deltaamacuro.com.ve', NULL, NULL, NULL, NULL, NULL);

INSERT INTO persona (codigo_com, direccion_com, monto_acreditado_com, fecha_inicio_operacion_com, tipo_com, nacionalidad_com, fk_lugar, fk_usuario, tipo_persona_com, rif_jur, denominacion_persona_jur, razon_social_jur, pagina_web_jur, cedula_nat, primer_nombre_nat, segundo_nombre_nat, primer_apellido_nat, segundo_apellido_nat)
VALUES (34, 'Avenida Bolívar 456, Delta Amacuro', 42000.0, '2024-10-01', 'cliente', 'venezolana', 9, 34, 'natural', NULL, NULL, NULL, NULL, 'V-76543210-7', 'Sofía', NULL, 'López', 'Martínez');

INSERT INTO persona (codigo_com, direccion_com, monto_acreditado_com, fecha_inicio_operacion_com, tipo_com, nacionalidad_com, fk_lugar, fk_usuario, tipo_persona_com, rif_jur, denominacion_persona_jur, razon_social_jur, pagina_web_jur, cedula_nat, primer_nombre_nat, segundo_nombre_nat, primer_apellido_nat, segundo_apellido_nat)
VALUES (35, 'Calle Secundaria 789, Delta Amacuro', 43000.0, '2024-11-01', 'cliente', 'venezolana', 9, 35, 'juridico', 'J-00000018-8', 'Servicios Delta Amacuro', 'Servicios Delta Amacuro C.A.', 'www.serviciosdeltaamacuro.com', NULL, NULL, NULL, NULL, NULL);

INSERT INTO persona (codigo_com, direccion_com, monto_acreditado_com, fecha_inicio_operacion_com, tipo_com, nacionalidad_com, fk_lugar, fk_usuario, tipo_persona_com, rif_jur, denominacion_persona_jur, razon_social_jur, pagina_web_jur, cedula_nat, primer_nombre_nat, segundo_nombre_nat, primer_apellido_nat, segundo_apellido_nat)
VALUES (36, 'Avenida Principal 123, Delta Amacuro', 44000.0, '2024-12-01', 'cliente', 'venezolana', 9, 36, 'natural', NULL, NULL, NULL, NULL, 'V-65432109-8', 'Juan', 'Carlos', 'Fernández', 'Pérez');

INSERT INTO persona (codigo_com, direccion_com, monto_acreditado_com, fecha_inicio_operacion_com, tipo_com, nacionalidad_com, fk_lugar, fk_usuario, tipo_persona_com, rif_jur, denominacion_persona_jur, razon_social_jur, pagina_web_jur, cedula_nat, primer_nombre_nat, segundo_nombre_nat, primer_apellido_nat, segundo_apellido_nat)
VALUES (37, 'Calle Principal 123, Falcón', 45000.0, '2024-09-01', 'cliente', 'venezolana', 10, 37, 'juridico', 'J-00000019-9', 'Empresa Falcón', 'Empresa Falcón S.A.', 'www.falcon.com.ve', NULL, NULL, NULL, NULL, NULL);

INSERT INTO persona (codigo_com, direccion_com, monto_acreditado_com, fecha_inicio_operacion_com, tipo_com, nacionalidad_com, fk_lugar, fk_usuario, tipo_persona_com, rif_jur, denominacion_persona_jur, razon_social_jur, pagina_web_jur, cedula_nat, primer_nombre_nat, segundo_nombre_nat, primer_apellido_nat, segundo_apellido_nat)
VALUES (38, 'Avenida Bolívar 456, Falcón', 46000.0, '2024-10-01', 'cliente', 'venezolana', 10, 38, 'natural', NULL, NULL, NULL, NULL, 'V-87654321-19', 'José', NULL, 'González', 'Pérez');

INSERT INTO persona (codigo_com, direccion_com, monto_acreditado_com, fecha_inicio_operacion_com, tipo_com, nacionalidad_com, fk_lugar, fk_usuario, tipo_persona_com, rif_jur, denominacion_persona_jur, razon_social_jur, pagina_web_jur, cedula_nat, primer_nombre_nat, segundo_nombre_nat, primer_apellido_nat, segundo_apellido_nat)
VALUES (39, 'Calle Secundaria 789, Falcón', 47000.0, '2024-11-01', 'cliente', 'venezolana', 10, 39, 'juridico', 'J-00000020-0', 'Servicios Falcón', 'Servicios Falcón C.A.', 'www.serviciosfalcon.com', NULL, NULL, NULL, NULL, NULL);

INSERT INTO persona (codigo_com, direccion_com, monto_acreditado_com, fecha_inicio_operacion_com, tipo_com, nacionalidad_com, fk_lugar, fk_usuario, tipo_persona_com, rif_jur, denominacion_persona_jur, razon_social_jur, pagina_web_jur, cedula_nat, primer_nombre_nat, segundo_nombre_nat, primer_apellido_nat, segundo_apellido_nat)
VALUES (40, 'Avenida Principal 123, Falcón', 48000.0, '2024-12-01', 'cliente', 'venezolana', 10, 40, 'natural', NULL, NULL, NULL, NULL, 'V-65432109-0', 'María', 'José', 'Ramírez', 'López');

INSERT INTO persona (codigo_com, direccion_com, monto_acreditado_com, fecha_inicio_operacion_com, tipo_com, nacionalidad_com, fk_lugar, fk_usuario, tipo_persona_com, rif_jur, denominacion_persona_jur, razon_social_jur, pagina_web_jur, cedula_nat, primer_nombre_nat, segundo_nombre_nat, primer_apellido_nat, segundo_apellido_nat)
VALUES (41, 'Calle Libertador 123, Guárico', 49000.0, '2025-01-01', 'cliente', 'venezolana', 11, 41, 'juridico', 'J-00000021-1', 'Empresa Guárico', 'Empresa Guárico S.A.', 'www.guárico.com.ve', NULL, NULL, NULL, NULL, NULL);

INSERT INTO persona (codigo_com, direccion_com, monto_acreditado_com, fecha_inicio_operacion_com, tipo_com, nacionalidad_com, fk_lugar, fk_usuario, tipo_persona_com, rif_jur, denominacion_persona_jur, razon_social_jur, pagina_web_jur, cedula_nat, primer_nombre_nat, segundo_nombre_nat, primer_apellido_nat, segundo_apellido_nat)
VALUES (42, 'Avenida Bolívar 456, Guárico', 50000.0, '2025-01-02', 'cliente', 'venezolana', 11, 42, 'natural', NULL, NULL, NULL, NULL, 'V-87654321-21', 'Fernando', NULL, 'Méndez', 'Martínez');

INSERT INTO persona (codigo_com, direccion_com, monto_acreditado_com, fecha_inicio_operacion_com, tipo_com, nacionalidad_com, fk_lugar, fk_usuario, tipo_persona_com, rif_jur, denominacion_persona_jur, razon_social_jur, pagina_web_jur, cedula_nat, primer_nombre_nat, segundo_nombre_nat, primer_apellido_nat, segundo_apellido_nat)
VALUES (43, 'Calle Secundaria 789, Guárico', 51000.0, '2025-01-03', 'cliente', 'venezolana', 11, 43, 'juridico', 'J-00000022-2', 'Servicios Guárico', 'Servicios Guárico C.A.', 'www.serviciosguárico.com', NULL, NULL, NULL, NULL, NULL);

INSERT INTO persona (codigo_com, direccion_com, monto_acreditado_com, fecha_inicio_operacion_com, tipo_com, nacionalidad_com, fk_lugar, fk_usuario, tipo_persona_com, rif_jur, denominacion_persona_jur, razon_social_jur, pagina_web_jur, cedula_nat, primer_nombre_nat, segundo_nombre_nat, primer_apellido_nat, segundo_apellido_nat)
VALUES (44, 'Avenida Principal 123, Guárico', 52000.0, '2025-01-05', 'cliente', 'venezolana', 11, 44, 'natural', NULL, NULL, NULL, NULL, 'V-65432109-21', 'Andrea', 'Gabriela', 'Morales', 'Gómez');

INSERT INTO persona (codigo_com, direccion_com, monto_acreditado_com, fecha_inicio_operacion_com, tipo_com, nacionalidad_com, fk_lugar, fk_usuario, tipo_persona_com, rif_jur, denominacion_persona_jur, razon_social_jur, pagina_web_jur, cedula_nat, primer_nombre_nat, segundo_nombre_nat, primer_apellido_nat, segundo_apellido_nat)
VALUES (45, 'Calle Libertador 123, Lara', 53000.0, '2025-01-07', 'cliente', 'venezolana', 12, 45, 'juridico', 'J-00000023-3', 'Empresa Lara', 'Empresa Lara S.A.', 'www.lara.com.ve', NULL, NULL, NULL, NULL, NULL);

INSERT INTO persona (codigo_com, direccion_com, monto_acreditado_com, fecha_inicio_operacion_com, tipo_com, nacionalidad_com, fk_lugar, fk_usuario, tipo_persona_com, rif_jur, denominacion_persona_jur, razon_social_jur, pagina_web_jur, cedula_nat, primer_nombre_nat, segundo_nombre_nat, primer_apellido_nat, segundo_apellido_nat)
VALUES (46, 'Avenida Bolívar 456, Lara', 54000.0, '2025-01-09', 'cliente', 'venezolana', 12, 46, 'natural', NULL, NULL, NULL, NULL, 'V-98765432-23', 'Enrique', NULL, 'Pérez', 'Ramírez');

INSERT INTO persona (codigo_com, direccion_com, monto_acreditado_com, fecha_inicio_operacion_com, tipo_com, nacionalidad_com, fk_lugar, fk_usuario, tipo_persona_com, rif_jur, denominacion_persona_jur, razon_social_jur, pagina_web_jur, cedula_nat, primer_nombre_nat, segundo_nombre_nat, primer_apellido_nat, segundo_apellido_nat)
VALUES (47, 'Calle Secundaria 789, Lara', 55000.0, '2025-01-11', 'cliente', 'venezolana', 12, 47, 'juridico', 'J-00000024-4', 'Servicios Lara', 'Servicios Lara C.A.', 'www.servicioslara.com', NULL, NULL, NULL, NULL, NULL);

INSERT INTO persona (codigo_com, direccion_com, monto_acreditado_com, fecha_inicio_operacion_com, tipo_com, nacionalidad_com, fk_lugar, fk_usuario, tipo_persona_com, rif_jur, denominacion_persona_jur, razon_social_jur, pagina_web_jur, cedula_nat, primer_nombre_nat, segundo_nombre_nat, primer_apellido_nat, segundo_apellido_nat)
VALUES (48, 'Avenida Principal 123, Lara', 56000.0, '2025-01-11', 'cliente', 'venezolana', 12, 48, 'natural', NULL, NULL, NULL, NULL, 'V-54321098-24', 'Valentina', 'María', 'Díaz', 'Fernández');

INSERT INTO persona (codigo_com, direccion_com, monto_acreditado_com, fecha_inicio_operacion_com, tipo_com, nacionalidad_com, fk_lugar, fk_usuario, tipo_persona_com, rif_jur, denominacion_persona_jur, razon_social_jur, pagina_web_jur, cedula_nat, primer_nombre_nat, segundo_nombre_nat, primer_apellido_nat, segundo_apellido_nat)
VALUES (49, 'Calle Principal 123, Mérida', 57000.0, '2025-01-12', 'cliente', 'venezolana', 13, 49, 'juridico', 'J-00000025-5', 'Empresa Mérida', 'Empresa Mérida S.A.', 'www.merida.com.ve', NULL, NULL, NULL, NULL, NULL);

INSERT INTO persona (codigo_com, direccion_com, monto_acreditado_com, fecha_inicio_operacion_com, tipo_com, nacionalidad_com, fk_lugar, fk_usuario, tipo_persona_com, rif_jur, denominacion_persona_jur, razon_social_jur, pagina_web_jur, cedula_nat, primer_nombre_nat, segundo_nombre_nat, primer_apellido_nat, segundo_apellido_nat)
VALUES (50, 'Avenida Bolívar 456, Mérida', 58000.0, '2024-11-02', 'cliente', 'venezolana', 13, 50, 'natural', NULL, NULL, NULL, NULL, 'V-87654321-25', 'Carlos', NULL, 'Martínez', 'López');

INSERT INTO persona (codigo_com, direccion_com, monto_acreditado_com, fecha_inicio_operacion_com, tipo_com, nacionalidad_com, fk_lugar, fk_usuario, tipo_persona_com, rif_jur, denominacion_persona_jur, razon_social_jur, pagina_web_jur, cedula_nat, primer_nombre_nat, segundo_nombre_nat, primer_apellido_nat, segundo_apellido_nat)
VALUES (51, 'Calle Secundaria 789, Mérida', 59000.0, '2024-11-03', 'cliente', 'venezolana', 13, 51, 'juridico', 'J-00000026-6', 'Servicios Mérida', 'Servicios Mérida C.A.', 'www.serviciosmerida.com', NULL, NULL, NULL, NULL, NULL);

INSERT INTO persona (codigo_com, direccion_com, monto_acreditado_com, fecha_inicio_operacion_com, tipo_com, nacionalidad_com, fk_lugar, fk_usuario, tipo_persona_com, rif_jur, denominacion_persona_jur, razon_social_jur, pagina_web_jur, cedula_nat, primer_nombre_nat, segundo_nombre_nat, primer_apellido_nat, segundo_apellido_nat)
VALUES (52, 'Avenida Principal 123, Mérida', 60000.0, '2024-12-06', 'cliente', 'venezolana', 13, 52, 'natural', NULL, NULL, NULL, NULL, 'V-65432109-25', 'María', 'José', 'Ramírez', 'López');

INSERT INTO persona (codigo_com, direccion_com, monto_acreditado_com, fecha_inicio_operacion_com, tipo_com, nacionalidad_com, fk_lugar, fk_usuario, tipo_persona_com, rif_jur, denominacion_persona_jur, razon_social_jur, pagina_web_jur, cedula_nat, primer_nombre_nat, segundo_nombre_nat, primer_apellido_nat, segundo_apellido_nat)
VALUES (53, 'Calle Libertador 123, Miranda', 61000.0, '2024-01-08', 'cliente', 'venezolana', 14, 53, 'juridico', 'J-00000027-7', 'Empresa Miranda', 'Empresa Miranda S.A.', 'www.miranda.com.ve', NULL, NULL, NULL, NULL, NULL);

INSERT INTO persona (codigo_com, direccion_com, monto_acreditado_com, fecha_inicio_operacion_com, tipo_com, nacionalidad_com, fk_lugar, fk_usuario, tipo_persona_com, rif_jur, denominacion_persona_jur, razon_social_jur, pagina_web_jur, cedula_nat, primer_nombre_nat, segundo_nombre_nat, primer_apellido_nat, segundo_apellido_nat)
VALUES (54, 'Avenida Bolívar 456, Miranda', 62000.0, '2024-02-13', 'cliente', 'venezolana', 14, 54, 'natural', NULL, NULL, NULL, NULL, 'V-98765432-27', 'Ana', NULL, 'Fernández', 'Gómez');

INSERT INTO persona (codigo_com, direccion_com, monto_acreditado_com, fecha_inicio_operacion_com, tipo_com, nacionalidad_com, fk_lugar, fk_usuario, tipo_persona_com, rif_jur, denominacion_persona_jur, razon_social_jur, pagina_web_jur, cedula_nat, primer_nombre_nat, segundo_nombre_nat, primer_apellido_nat, segundo_apellido_nat)
VALUES (55, 'Calle Secundaria 789, Miranda', 63000.0, '2024-03-23', 'cliente', 'venezolana', 14, 55, 'juridico', 'J-00000028-8', 'Servicios Miranda', 'Servicios Miranda C.A.', 'www.serviciosmiranda.com', NULL, NULL, NULL, NULL, NULL);

INSERT INTO persona (codigo_com, direccion_com, monto_acreditado_com, fecha_inicio_operacion_com, tipo_com, nacionalidad_com, fk_lugar, fk_usuario, tipo_persona_com, rif_jur, denominacion_persona_jur, razon_social_jur, pagina_web_jur, cedula_nat, primer_nombre_nat, segundo_nombre_nat, primer_apellido_nat, segundo_apellido_nat)
VALUES (56, 'Avenida Principal 123, Miranda', 64000.0, '2024-04-26', 'cliente', 'venezolana', 14, 56, 'natural', NULL, NULL, NULL, NULL, 'V-43210987-27', 'Julio', 'César', 'Mora', 'Pérez');

INSERT INTO persona (codigo_com, direccion_com, monto_acreditado_com, fecha_inicio_operacion_com, tipo_com, nacionalidad_com, fk_lugar, fk_usuario, tipo_persona_com, rif_jur, denominacion_persona_jur, razon_social_jur, pagina_web_jur, cedula_nat, primer_nombre_nat, segundo_nombre_nat, primer_apellido_nat, segundo_apellido_nat)
VALUES (57, 'Calle Principal 123, Monagas', 65000.0, '2024-05-26', 'cliente', 'venezolana', 15, 57, 'juridico', 'J-00000029-9', 'Empresa Monagas', 'Empresa Monagas S.A.', 'www.monagas.com.ve', NULL, NULL, NULL, NULL, NULL);

INSERT INTO persona (codigo_com, direccion_com, monto_acreditado_com, fecha_inicio_operacion_com, tipo_com, nacionalidad_com, fk_lugar, fk_usuario, tipo_persona_com, rif_jur, denominacion_persona_jur, razon_social_jur, pagina_web_jur, cedula_nat, primer_nombre_nat, segundo_nombre_nat, primer_apellido_nat, segundo_apellido_nat)
VALUES (58, 'Avenida Bolívar 456, Monagas', 66000.0, '2024-06-14', 'cliente', 'venezolana', 15, 58, 'natural', NULL, NULL, NULL, NULL, 'V-76543210-29', 'Luis', NULL, 'García', 'Martínez');

INSERT INTO persona (codigo_com, direccion_com, monto_acreditado_com, fecha_inicio_operacion_com, tipo_com, nacionalidad_com, fk_lugar, fk_usuario, tipo_persona_com, rif_jur, denominacion_persona_jur, razon_social_jur, pagina_web_jur, cedula_nat, primer_nombre_nat, segundo_nombre_nat, primer_apellido_nat, segundo_apellido_nat)
VALUES (59, 'Calle Secundaria 789, Monagas', 67000.0, '2024-07-18', 'cliente', 'venezolana', 15, 59, 'juridico', 'J-00000030-0', 'Servicios Monagas', 'Servicios Monagas C.A.', 'www.serviciosmonagas.com', NULL, NULL, NULL, NULL, NULL);

INSERT INTO persona (codigo_com, direccion_com, monto_acreditado_com, fecha_inicio_operacion_com, tipo_com, nacionalidad_com, fk_lugar, fk_usuario, tipo_persona_com, rif_jur, denominacion_persona_jur, razon_social_jur, pagina_web_jur, cedula_nat, primer_nombre_nat, segundo_nombre_nat, primer_apellido_nat, segundo_apellido_nat)
VALUES (60, 'Avenida Principal 123, Monagas', 68000.0, '2024-08-15', 'cliente', 'venezolana', 15, 60, 'natural', NULL, NULL, NULL, NULL, 'V-54321098-29', 'Andrés', 'José', 'Pérez', 'Gómez');

INSERT INTO persona (codigo_com, direccion_com, monto_acreditado_com, fecha_inicio_operacion_com, tipo_com, nacionalidad_com, fk_lugar, fk_usuario, tipo_persona_com, rif_jur, denominacion_persona_jur, razon_social_jur, pagina_web_jur, cedula_nat, primer_nombre_nat, segundo_nombre_nat, primer_apellido_nat, segundo_apellido_nat)
VALUES (61, 'Calle Principal 123, Nueva Esparta', 69000.0, '2024-09-30', 'cliente', 'venezolana', 16, 61, 'juridico', 'J-00000031-1', 'Empresa Nueva Esparta', 'Empresa Nueva Esparta S.A.', 'www.nuevaesparta.com.ve', NULL, NULL, NULL, NULL, NULL);

INSERT INTO persona (codigo_com, direccion_com, monto_acreditado_com, fecha_inicio_operacion_com, tipo_com, nacionalidad_com, fk_lugar, fk_usuario, tipo_persona_com, rif_jur, denominacion_persona_jur, razon_social_jur, pagina_web_jur, cedula_nat, primer_nombre_nat, segundo_nombre_nat, primer_apellido_nat, segundo_apellido_nat)
VALUES (62, 'Avenida Bolívar 456, Nueva Esparta', 70000.0, '2024-10-21', 'cliente', 'venezolana', 16, 62, 'natural', NULL, NULL, NULL, NULL, 'V-87654321-22', 'Javier', NULL, 'Rodríguez', 'López');

INSERT INTO persona (codigo_com, direccion_com, monto_acreditado_com, fecha_inicio_operacion_com, tipo_com, nacionalidad_com, fk_lugar, fk_usuario, tipo_persona_com, rif_jur, denominacion_persona_jur, razon_social_jur, pagina_web_jur, cedula_nat, primer_nombre_nat, segundo_nombre_nat, primer_apellido_nat, segundo_apellido_nat)
VALUES (63, 'Calle Secundaria 789, Nueva Esparta', 71000.0, '2024-11-26', 'cliente', 'venezolana', 16, 63, 'juridico', 'J-00000032-2', 'Servicios Nueva Esparta', 'Servicios Nueva Esparta C.A.', 'www.serviciosnuevaesparta.com', NULL, NULL, NULL, NULL, NULL);

INSERT INTO persona (codigo_com, direccion_com, monto_acreditado_com, fecha_inicio_operacion_com, tipo_com, nacionalidad_com, fk_lugar, fk_usuario, tipo_persona_com, rif_jur, denominacion_persona_jur, razon_social_jur, pagina_web_jur, cedula_nat, primer_nombre_nat, segundo_nombre_nat, primer_apellido_nat, segundo_apellido_nat)
VALUES (64, 'Avenida Principal 123, Nueva Esparta', 72000.0, '2024-12-26', 'cliente', 'venezolana', 16, 64, 'natural', NULL, NULL, NULL, NULL, 'V-65432109-22', 'María', 'Isabel', 'Gómez', 'Pérez');

INSERT INTO persona (codigo_com, direccion_com, monto_acreditado_com, fecha_inicio_operacion_com, tipo_com, nacionalidad_com, fk_lugar, fk_usuario, tipo_persona_com, rif_jur, denominacion_persona_jur, razon_social_jur, pagina_web_jur, cedula_nat, primer_nombre_nat, segundo_nombre_nat, primer_apellido_nat, segundo_apellido_nat)
VALUES (65, 'Calle Principal 123, Portuguesa', 73000.0, '2024-01-22', 'cliente', 'venezolana', 17, 65, 'juridico', 'J-00000033-3', 'Empresa Portuguesa', 'Empresa Portuguesa S.A.', 'www.portuguesa.com.ve', NULL, NULL, NULL, NULL, NULL);

INSERT INTO persona (codigo_com, direccion_com, monto_acreditado_com, fecha_inicio_operacion_com, tipo_com, nacionalidad_com, fk_lugar, fk_usuario, tipo_persona_com, rif_jur, denominacion_persona_jur, razon_social_jur, pagina_web_jur, cedula_nat, primer_nombre_nat, segundo_nombre_nat, primer_apellido_nat, segundo_apellido_nat)
VALUES (66, 'Avenida Bolívar 456, Portuguesa', 74000.0, '2024-02-02', 'cliente', 'venezolana', 17, 66, 'natural', NULL, NULL, NULL, NULL, 'V-87654321-33', 'Ricardo', NULL, 'Hernández', 'Pérez');

INSERT INTO persona (codigo_com, direccion_com, monto_acreditado_com, fecha_inicio_operacion_com, tipo_com, nacionalidad_com, fk_lugar, fk_usuario, tipo_persona_com, rif_jur, denominacion_persona_jur, razon_social_jur, pagina_web_jur, cedula_nat, primer_nombre_nat, segundo_nombre_nat, primer_apellido_nat, segundo_apellido_nat)
VALUES (67, 'Calle Secundaria 789, Portuguesa', 75000.0, '2024-03-10', 'cliente', 'venezolana', 17, 67, 'juridico', 'J-00000034-4', 'Servicios Portuguesa', 'Servicios Portuguesa C.A.', 'www.serviciosportuguesa.com', NULL, NULL, NULL, NULL, NULL);

INSERT INTO persona (codigo_com, direccion_com, monto_acreditado_com, fecha_inicio_operacion_com, tipo_com, nacionalidad_com, fk_lugar, fk_usuario, tipo_persona_com, rif_jur, denominacion_persona_jur, razon_social_jur, pagina_web_jur, cedula_nat, primer_nombre_nat, segundo_nombre_nat, primer_apellido_nat, segundo_apellido_nat)
VALUES (68, 'Avenida Principal 123, Portuguesa', 76000.0, '2024-04-02', 'cliente', 'venezolana', 17, 68, 'natural', NULL, NULL, NULL, NULL, 'V-65432109-33', 'Santiago', 'Carlos', 'Márquez', 'López');

INSERT INTO persona (codigo_com, direccion_com, monto_acreditado_com, fecha_inicio_operacion_com, tipo_com, nacionalidad_com, fk_lugar, fk_usuario, tipo_persona_com, rif_jur, denominacion_persona_jur, razon_social_jur, pagina_web_jur, cedula_nat, primer_nombre_nat, segundo_nombre_nat, primer_apellido_nat, segundo_apellido_nat)
VALUES (69, 'Calle Principal 123, Sucre', 77000.0, '2024-05-04', 'cliente', 'venezolana', 18, 69, 'juridico', 'J-00000035-5', 'Empresa Sucre', 'Empresa Sucre S.A.', 'www.sucre.com.ve', NULL, NULL, NULL, NULL, NULL);

INSERT INTO persona (codigo_com, direccion_com, monto_acreditado_com, fecha_inicio_operacion_com, tipo_com, nacionalidad_com, fk_lugar, fk_usuario, tipo_persona_com, rif_jur, denominacion_persona_jur, razon_social_jur, pagina_web_jur, cedula_nat, primer_nombre_nat, segundo_nombre_nat, primer_apellido_nat, segundo_apellido_nat)
VALUES (70, 'Avenida Bolívar 456, Sucre', 78000.0, '2024-06-07', 'cliente', 'venezolana', 18, 70, 'natural', NULL, NULL, NULL, NULL, 'V-87654321-34', 'Gabriela', NULL, 'Rodríguez', 'Martínez');

INSERT INTO persona (codigo_com, direccion_com, monto_acreditado_com, fecha_inicio_operacion_com, tipo_com, nacionalidad_com, fk_lugar, fk_usuario, tipo_persona_com, rif_jur, denominacion_persona_jur, razon_social_jur, pagina_web_jur, cedula_nat, primer_nombre_nat, segundo_nombre_nat, primer_apellido_nat, segundo_apellido_nat)
VALUES (71, 'Calle Secundaria 789, Sucre', 79000.0, '2024-07-29', 'cliente', 'venezolana', 18, 71, 'juridico', 'J-00000036-6', 'Servicios Sucre', 'Servicios Sucre C.A.', 'www.serviciossucre.com', NULL, NULL, NULL, NULL, NULL);

INSERT INTO persona (codigo_com, direccion_com, monto_acreditado_com, fecha_inicio_operacion_com, tipo_com, nacionalidad_com, fk_lugar, fk_usuario, tipo_persona_com, rif_jur, denominacion_persona_jur, razon_social_jur, pagina_web_jur, cedula_nat, primer_nombre_nat, segundo_nombre_nat, primer_apellido_nat, segundo_apellido_nat)
VALUES (72, 'Avenida Principal 123, Sucre', 80000.0, '2024-08-10', 'cliente', 'venezolana', 18, 72, 'natural', NULL, NULL, NULL, NULL, 'V-54321098-34', 'Adriana', 'Beatriz', 'Díaz', 'Fernández');

INSERT INTO persona (codigo_com, direccion_com, monto_acreditado_com, fecha_inicio_operacion_com, tipo_com, nacionalidad_com, fk_lugar, fk_usuario, tipo_persona_com, rif_jur, denominacion_persona_jur, razon_social_jur, pagina_web_jur, cedula_nat, primer_nombre_nat, segundo_nombre_nat, primer_apellido_nat, segundo_apellido_nat)
VALUES (73, 'Calle Principal 123, Táchira', 81000.0, '2024-09-14', 'cliente', 'venezolana', 19, 73, 'juridico', 'J-00000037-7', 'Empresa Táchira', 'Empresa Táchira S.A.', 'www.tachira.com.ve', NULL, NULL, NULL, NULL, NULL);

INSERT INTO persona (codigo_com, direccion_com, monto_acreditado_com, fecha_inicio_operacion_com, tipo_com, nacionalidad_com, fk_lugar, fk_usuario, tipo_persona_com, rif_jur, denominacion_persona_jur, razon_social_jur, pagina_web_jur, cedula_nat, primer_nombre_nat, segundo_nombre_nat, primer_apellido_nat, segundo_apellido_nat)
VALUES (74, 'Avenida Bolívar 456, Táchira', 82000.0, '2024-10-27', 'cliente', 'venezolana', 19, 74, 'natural', NULL, NULL, NULL, NULL, 'V-98765432-39', 'David', NULL, 'Vargas', 'González');

INSERT INTO persona (codigo_com, direccion_com, monto_acreditado_com, fecha_inicio_operacion_com, tipo_com, nacionalidad_com, fk_lugar, fk_usuario, tipo_persona_com, rif_jur, denominacion_persona_jur, razon_social_jur, pagina_web_jur, cedula_nat, primer_nombre_nat, segundo_nombre_nat, primer_apellido_nat, segundo_apellido_nat)
VALUES (75, 'Calle Secundaria 789, Táchira', 83000.0, '2024-11-21', 'cliente', 'venezolana', 19, 75, 'juridico', 'J-00000038-8', 'Servicios Táchira', 'Servicios Táchira C.A.', 'www.serviciostachira.com', NULL, NULL, NULL, NULL, NULL);

INSERT INTO persona (codigo_com, direccion_com, monto_acreditado_com, fecha_inicio_operacion_com, tipo_com, nacionalidad_com, fk_lugar, fk_usuario, tipo_persona_com, rif_jur, denominacion_persona_jur, razon_social_jur, pagina_web_jur, cedula_nat, primer_nombre_nat, segundo_nombre_nat, primer_apellido_nat, segundo_apellido_nat)
VALUES (76, 'Avenida Principal 123, Táchira', 84000.0, '2024-12-14', 'cliente', 'venezolana', 19, 76, 'natural', NULL, NULL, NULL, NULL, 'V-54321098-37', 'Claudia', 'Isabel', 'Jiménez', 'Ramos');

INSERT INTO persona (codigo_com, direccion_com, monto_acreditado_com, fecha_inicio_operacion_com, tipo_com, nacionalidad_com, fk_lugar, fk_usuario, tipo_persona_com, rif_jur, denominacion_persona_jur, razon_social_jur, pagina_web_jur, cedula_nat, primer_nombre_nat, segundo_nombre_nat, primer_apellido_nat, segundo_apellido_nat)
VALUES (77, 'Calle Principal 123, Trujillo', 85000.0, '2024-01-03', 'cliente', 'venezolana', 20, 77, 'juridico', 'J-00000039-9', 'Empresa Trujillo', 'Empresa Trujillo S.A.', 'www.trujillo.com.ve', NULL, NULL, NULL, NULL, NULL);

INSERT INTO persona (codigo_com, direccion_com, monto_acreditado_com, fecha_inicio_operacion_com, tipo_com, nacionalidad_com, fk_lugar, fk_usuario, tipo_persona_com, rif_jur, denominacion_persona_jur, razon_social_jur, pagina_web_jur, cedula_nat, primer_nombre_nat, segundo_nombre_nat, primer_apellido_nat, segundo_apellido_nat)
VALUES (78, 'Avenida Bolívar 456, Trujillo', 86000.0, '2024-02-05', 'cliente', 'venezolana', 20, 78, 'natural', NULL, NULL, NULL, NULL, 'V-98765432-38', 'Marcos', NULL, 'López', 'Morales');

INSERT INTO persona (codigo_com, direccion_com, monto_acreditado_com, fecha_inicio_operacion_com, tipo_com, nacionalidad_com, fk_lugar, fk_usuario, tipo_persona_com, rif_jur, denominacion_persona_jur, razon_social_jur, pagina_web_jur, cedula_nat, primer_nombre_nat, segundo_nombre_nat, primer_apellido_nat, segundo_apellido_nat)
VALUES (79, 'Calle Secundaria 789, Trujillo', 87000.0, '2024-03-09', 'cliente', 'venezolana', 20, 79, 'juridico', 'J-00000040-0', 'Servicios Trujillo', 'Servicios Trujillo C.A.', 'www.serviciostrujillo.com', NULL, NULL, NULL, NULL, NULL);

INSERT INTO persona (codigo_com, direccion_com, monto_acreditado_com, fecha_inicio_operacion_com, tipo_com, nacionalidad_com, fk_lugar, fk_usuario, tipo_persona_com, rif_jur, denominacion_persona_jur, razon_social_jur, pagina_web_jur, cedula_nat, primer_nombre_nat, segundo_nombre_nat, primer_apellido_nat, segundo_apellido_nat)
VALUES (80, 'Avenida Principal 123, Trujillo', 88000.0, '2024-04-11', 'cliente', 'venezolana', 20, 80, 'natural', NULL, NULL, NULL, NULL, 'V-54321098-49', 'Elena', 'María', 'Sánchez', 'Pérez');

INSERT INTO persona (codigo_com, direccion_com, monto_acreditado_com, fecha_inicio_operacion_com, tipo_com, nacionalidad_com, fk_lugar, fk_usuario, tipo_persona_com, rif_jur, denominacion_persona_jur, razon_social_jur, pagina_web_jur, cedula_nat, primer_nombre_nat, segundo_nombre_nat, primer_apellido_nat, segundo_apellido_nat)
VALUES (81, 'Calle Principal 123, Vargas', 89000.0, '2024-05-13', 'cliente', 'venezolana', 21, 81, 'juridico', 'J-00000041-1', 'Empresa Vargas', 'Empresa Vargas S.A.', 'www.vargas.com.ve', NULL, NULL, NULL, NULL, NULL);

INSERT INTO persona (codigo_com, direccion_com, monto_acreditado_com, fecha_inicio_operacion_com, tipo_com, nacionalidad_com, fk_lugar, fk_usuario, tipo_persona_com, rif_jur, denominacion_persona_jur, razon_social_jur, pagina_web_jur, cedula_nat, primer_nombre_nat, segundo_nombre_nat, primer_apellido_nat, segundo_apellido_nat)
VALUES (82, 'Avenida Bolívar 456, Vargas', 90000.0, '2024-06-16', 'cliente', 'venezolana', 21, 82, 'natural', NULL, NULL, NULL, NULL, 'V-87654321-36', 'Laura', NULL, 'Fernández', 'Martínez');

INSERT INTO persona (codigo_com, direccion_com, monto_acreditado_com, fecha_inicio_operacion_com, tipo_com, nacionalidad_com, fk_lugar, fk_usuario, tipo_persona_com, rif_jur, denominacion_persona_jur, razon_social_jur, pagina_web_jur, cedula_nat, primer_nombre_nat, segundo_nombre_nat, primer_apellido_nat, segundo_apellido_nat)
VALUES (83, 'Calle Secundaria 789, Vargas', 91000.0, '2024-07-30-', 'cliente', 'venezolana', 21, 83, 'juridico', 'J-00000042-2', 'Servicios Vargas', 'Servicios Vargas C.A.', 'www.serviciosvargas.com', NULL, NULL, NULL, NULL, NULL);

INSERT INTO persona (codigo_com, direccion_com, monto_acreditado_com, fecha_inicio_operacion_com, tipo_com, nacionalidad_com, fk_lugar, fk_usuario, tipo_persona_com, rif_jur, denominacion_persona_jur, razon_social_jur, pagina_web_jur, cedula_nat, primer_nombre_nat, segundo_nombre_nat, primer_apellido_nat, segundo_apellido_nat)
VALUES (84, 'Avenida Principal 123, Vargas', 92000.0, '2024-08-29', 'cliente', 'venezolana', 21, 84, 'natural', NULL, NULL, NULL, NULL, 'V-54321098-46', 'José', 'Luis', 'Rodríguez', 'Pérez');

INSERT INTO persona (codigo_com, direccion_com, monto_acreditado_com, fecha_inicio_operacion_com, tipo_com, nacionalidad_com, fk_lugar, fk_usuario, tipo_persona_com, rif_jur, denominacion_persona_jur, razon_social_jur, pagina_web_jur, cedula_nat, primer_nombre_nat, segundo_nombre_nat, primer_apellido_nat, segundo_apellido_nat)
VALUES (85, 'Calle Principal 123, Zulia', 93000.0, '2024-09-28', 'cliente', 'venezolana', 23, 85, 'juridico', 'J-00000043-3', 'Empresa Zulia', 'Empresa Zulia S.A.', 'www.zulia.com.ve', NULL, NULL, NULL, NULL, NULL);

INSERT INTO persona (codigo_com, direccion_com, monto_acreditado_com, fecha_inicio_operacion_com, tipo_com, nacionalidad_com, fk_lugar, fk_usuario, tipo_persona_com, rif_jur, denominacion_persona_jur, razon_social_jur, pagina_web_jur, cedula_nat, primer_nombre_nat, segundo_nombre_nat, primer_apellido_nat, segundo_apellido_nat)
VALUES (86, 'Avenida Bolívar 456, Zulia', 94000.0, '2024-10-25', 'cliente', 'venezolana', 23, 86, 'natural', NULL, NULL, NULL, NULL, 'V-98765432-41', 'María', NULL, 'Gómez', 'Rodríguez');

INSERT INTO persona (codigo_com, direccion_com, monto_acreditado_com, fecha_inicio_operacion_com, tipo_com, nacionalidad_com, fk_lugar, fk_usuario, tipo_persona_com, rif_jur, denominacion_persona_jur, razon_social_jur, pagina_web_jur, cedula_nat, primer_nombre_nat, segundo_nombre_nat, primer_apellido_nat, segundo_apellido_nat)
VALUES (87, 'Calle Secundaria 789, Zulia', 95000.0, '2024-11-22', 'cliente', 'venezolana', 23, 87, 'juridico', 'J-00000044-4', 'Servicios Zulia', 'Servicios Zulia C.A.', 'www.servicioszulia.com', NULL, NULL, NULL, NULL, NULL);

INSERT INTO persona (codigo_com, direccion_com, monto_acreditado_com, fecha_inicio_operacion_com, tipo_com, nacionalidad_com, fk_lugar, fk_usuario, tipo_persona_com, rif_jur, denominacion_persona_jur, razon_social_jur, pagina_web_jur, cedula_nat, primer_nombre_nat, segundo_nombre_nat, primer_apellido_nat, segundo_apellido_nat)
VALUES (88, 'Avenida Principal 123, Zulia', 96000.0, '2024-12-21', 'cliente', 'venezolana', 23, 88, 'natural', NULL, NULL, NULL, NULL, 'V-65432109-47', 'Carlos', 'Alberto', 'Mendoza', 'Pérez');

INSERT INTO persona (codigo_com, direccion_com, monto_acreditado_com, fecha_inicio_operacion_com, tipo_com, nacionalidad_com, fk_lugar, fk_usuario, tipo_persona_com, rif_jur, denominacion_persona_jur, razon_social_jur, pagina_web_jur, cedula_nat, primer_nombre_nat, segundo_nombre_nat, primer_apellido_nat, segundo_apellido_nat)
VALUES (89, 'Calle Principal 123, Distrito Capital', 97000.0, '2024-01-06', 'cliente', 'venezolana', 24, 89, 'juridico', 'J-00000045-5', 'Empresa Distrito Capital', 'Empresa Distrito Capital S.A.', 'www.distritocapital.com.ve', NULL, NULL, NULL, NULL, NULL);

INSERT INTO persona (codigo_com, direccion_com, monto_acreditado_com, fecha_inicio_operacion_com, tipo_com, nacionalidad_com, fk_lugar, fk_usuario, tipo_persona_com, rif_jur, denominacion_persona_jur, razon_social_jur, pagina_web_jur, cedula_nat, primer_nombre_nat, segundo_nombre_nat, primer_apellido_nat, segundo_apellido_nat)
VALUES (90, 'Avenida Bolívar 456, Distrito Capital', 98000.0, '2024-02-05', 'cliente', 'venezolana', 24, 90, 'natural', NULL, NULL, NULL, NULL, 'V-98765432-42', 'Paola', NULL, 'Gómez', 'Fernández');

INSERT INTO persona (codigo_com, direccion_com, monto_acreditado_com, fecha_inicio_operacion_com, tipo_com, nacionalidad_com, fk_lugar, fk_usuario, tipo_persona_com, rif_jur, denominacion_persona_jur, razon_social_jur, pagina_web_jur, cedula_nat, primer_nombre_nat, segundo_nombre_nat, primer_apellido_nat, segundo_apellido_nat)
VALUES (91, 'Calle Secundaria 789, Distrito Capital', 99000.0, '2024-03-06', 'cliente', 'venezolana', 24, 91, 'juridico', 'J-00000046-6', 'Servicios Distrito Capital', 'Servicios Distrito Capital C.A.', 'www.serviciosdistritocapital.com', NULL, NULL, NULL, NULL, NULL);

INSERT INTO persona (codigo_com, direccion_com, monto_acreditado_com, fecha_inicio_operacion_com, tipo_com, nacionalidad_com, fk_lugar, fk_usuario, tipo_persona_com, rif_jur, denominacion_persona_jur, razon_social_jur, pagina_web_jur, cedula_nat, primer_nombre_nat, segundo_nombre_nat, primer_apellido_nat, segundo_apellido_nat)
VALUES (92, 'Avenida Principal 123, Distrito Capital', 100000.0, '2024-04-09', 'cliente', 'venezolana', 24, 92, 'natural', NULL, NULL, NULL, NULL, 'V-54321098-58', 'Ana', 'María', 'Fernández', 'Gómez');

INSERT INTO persona (codigo_com, direccion_com, monto_acreditado_com, fecha_inicio_operacion_com, tipo_com, nacionalidad_com, fk_lugar, fk_usuario, tipo_persona_com, rif_jur, denominacion_persona_jur, razon_social_jur, pagina_web_jur, cedula_nat, primer_nombre_nat, segundo_nombre_nat, primer_apellido_nat, segundo_apellido_nat)
VALUES (93, 'Calle Principal 123, Yaracuy', 101000.0, '2024-05-14', 'cliente', 'venezolana', 22, 93, 'juridico', 'J-00000047-67', 'Empresa Yaracuy', 'Empresa Yaracuy S.A.', 'www.yaracuy.com.ve', NULL, NULL, NULL, NULL, NULL);

INSERT INTO persona (codigo_com, direccion_com, monto_acreditado_com, fecha_inicio_operacion_com, tipo_com, nacionalidad_com, fk_lugar, fk_usuario, tipo_persona_com, rif_jur, denominacion_persona_jur, razon_social_jur, pagina_web_jur, cedula_nat, primer_nombre_nat, segundo_nombre_nat, primer_apellido_nat, segundo_apellido_nat)
VALUES (94, 'Avenida Bolívar 456, Yaracuy', 102000.0, '2024-06-15', 'cliente', 'venezolana', 22, 94, 'natural', NULL, NULL, NULL, NULL, 'V-12345678-69', 'Luis', NULL, 'Pérez', 'García');

INSERT INTO persona (codigo_com, direccion_com, monto_acreditado_com, fecha_inicio_operacion_com, tipo_com, nacionalidad_com, fk_lugar, fk_usuario, tipo_persona_com, rif_jur, denominacion_persona_jur, razon_social_jur, pagina_web_jur, cedula_nat, primer_nombre_nat, segundo_nombre_nat, primer_apellido_nat, segundo_apellido_nat)
VALUES (95, 'Calle Secundaria 789, Yaracuy', 103000.0, '2024-07-17', 'cliente', 'venezolana', 22, 95, 'juridico', 'J-00000048-68', 'Servicios Yaracuy', 'Servicios Yaracuy C.A.', 'www.serviciosyaracuy.com', NULL, NULL, NULL, NULL, NULL);

INSERT INTO persona (codigo_com, direccion_com, monto_acreditado_com, fecha_inicio_operacion_com, tipo_com, nacionalidad_com, fk_lugar, fk_usuario, tipo_persona_com, rif_jur, denominacion_persona_jur, razon_social_jur, pagina_web_jur, cedula_nat, primer_nombre_nat, segundo_nombre_nat, primer_apellido_nat, segundo_apellido_nat)
VALUES (96, 'Avenida Principal 123, Yaracuy', 104000.0, '2024-08-18', 'cliente', 'venezolana', 22, 96, 'natural', NULL, NULL, NULL, NULL, 'V-87654321-65', 'Ana', 'María', 'Hernández', 'Rodríguez');

INSERT INTO persona (codigo_com, direccion_com, monto_acreditado_com, fecha_inicio_operacion_com, tipo_com, nacionalidad_com, fk_lugar, fk_usuario, tipo_persona_com, rif_jur, denominacion_persona_jur, razon_social_jur, pagina_web_jur)
VALUES 
(97, 'Calle Los Cedros, Sector Centro, Puerto Ayacucho', 1000.0, '2023-01-01', 'proveedor', 'Venezolana', 1, 137, 'juridico', 'J-12345678-1', 'Cedros Amazonas S.A.', 'Productos Naturales del Amazonas', 'www.cedrosamazonas.com'),
(98, 'Avenida Orinoco, Zona Industrial, Puerto Ayacucho', 1500.0, '2023-01-02', 'proveedor', 'Venezolana', 1, 138, 'juridico', 'J-87654321-1', 'Industria Amazónica', 'Manufacturas del Amazonas', 'www.industriaamazonica.com');


INSERT INTO persona (codigo_com, direccion_com, monto_acreditado_com, fecha_inicio_operacion_com, tipo_com, nacionalidad_com, fk_lugar, fk_usuario, tipo_persona_com, rif_jur, denominacion_persona_jur, razon_social_jur, pagina_web_jur)
VALUES 
(99, 'Avenida Intercomunal, Edificio Los Llanos, Barcelona', 1200.0, '2023-01-03', 'proveedor', 'Venezolana', 2, 139, 'juridico', 'J-22345678-2', 'Comercial Llanos', 'Distribuidora Llanos', 'www.comerciollanos.com'),
(100, 'Calle Sucre, Centro Financiero, Puerto La Cruz', 1700.0, '2023-01-04', 'proveedor', 'Venezolana', 2, 140, 'juridico', 'J-87654322-2', 'Financieros PLC', 'Servicios Financieros PLC', 'www.financierosplc.com');


INSERT INTO persona (codigo_com, direccion_com, monto_acreditado_com, fecha_inicio_operacion_com, tipo_com, nacionalidad_com, fk_lugar, fk_usuario, tipo_persona_com, rif_jur, denominacion_persona_jur, razon_social_jur, pagina_web_jur)
VALUES 
(101, 'Carretera Nacional, Galpón Industrial, San Fernando', 1300.0, '2023-01-05', 'proveedor', 'Venezolana', 3, 141, 'juridico', 'J-32345678-3', 'Agropecuaria Apure', 'Productos del Llano Apureño', 'www.agropecuariaapure.com'),
(102, 'Avenida Paseo Libertador, Complejo Comercial, San Fernando', 1800.0, '2023-01-06', 'proveedor', 'Venezolana', 3, 142, 'juridico', 'J-87654323-3', 'Comercial Apure', 'Mercado Mayorista Apure', 'www.comercialapure.com');


INSERT INTO persona (codigo_com, direccion_com, monto_acreditado_com, fecha_inicio_operacion_com, tipo_com, nacionalidad_com, fk_lugar, fk_usuario, tipo_persona_com, rif_jur, denominacion_persona_jur, razon_social_jur, pagina_web_jur)
VALUES 
(103, 'Calle Bolívar, Edificio Empresarial, Maracay', 1400.0, '2023-01-07', 'proveedor', 'Venezolana', 4, 143, 'juridico', 'J-42345678-4', 'Empresas Maracay', 'Corporación Industrial Maracay', 'www.empresamaracay.com'),
(104, 'Avenida Las Delicias, Torre Comercial, Maracay', 1900.0, '2023-01-08', 'proveedor', 'Venezolana', 4, 144, 'juridico', 'J-87654324-4', 'Servicios Aragua', 'Compañía de Servicios Aragua', 'www.serviciosaragua.com');


INSERT INTO persona (codigo_com, direccion_com, monto_acreditado_com, fecha_inicio_operacion_com, tipo_com, nacionalidad_com, fk_lugar, fk_usuario, tipo_persona_com, rif_jur, denominacion_persona_jur, razon_social_jur, pagina_web_jur)
VALUES 
(105, 'Calle Carabobo, Zona Comercial, Barinas', 1500.0, '2023-01-09', 'proveedor', 'Venezolana', 5, 145, 'juridico', 'J-52345678-5', 'Industrias Barinas', 'Fabricaciones Barinas', 'www.industriasbarinas.com'),
(106, 'Avenida 23 de Enero, Edificio Comercial, Barinas', 2000.0, '2023-01-10', 'proveedor', 'Venezolana', 5, 146, 'juridico', 'J-87654325-5', 'Comercializadora Barinas', 'Distribuidora Barinas', 'www.comercializadorabarinas.com');

INSERT INTO persona (codigo_com, direccion_com, monto_acreditado_com, fecha_inicio_operacion_com, tipo_com, nacionalidad_com, fk_lugar, fk_usuario, tipo_persona_com, rif_jur, denominacion_persona_jur, razon_social_jur, pagina_web_jur)
VALUES 
(107, 'Avenida Guayana, Zona Industrial Matanzas, Ciudad Guayana', 2100.0, '2023-01-11', 'proveedor', 'Venezolana', 6, 147, 'juridico', 'J-62345678-6', 'Industrias Guayana', 'Fabricaciones Guayana', 'www.industriasguayana.com'),
(108, 'Calle Caroní, Edificio Empresarial, Ciudad Bolívar', 2200.0, '2023-01-12', 'proveedor', 'Venezolana', 6, 148, 'juridico', 'J-87654326-6', 'Comercial Bolívar', 'Distribuciones Bolívar', 'www.comercialbolivar.com');

INSERT INTO persona (codigo_com, direccion_com, monto_acreditado_com, fecha_inicio_operacion_com, tipo_com, nacionalidad_com, fk_lugar, fk_usuario, tipo_persona_com, rif_jur, denominacion_persona_jur, razon_social_jur, pagina_web_jur)
VALUES 
(109, 'Avenida Lara, Zona Industrial La Quizanda, Valencia', 2300.0, '2023-01-13', 'proveedor', 'Venezolana', 7, 149, 'juridico', 'J-72345678-7', 'Empresas Valencia', 'Corporación Industrial Carabobo', 'www.empresasvalencia.com'),
(110, 'Calle Michelena, Centro Comercial Guaparo, Valencia', 2400.0, '2023-01-14', 'proveedor', 'Venezolana', 7, 150, 'juridico', 'J-87654327-7', 'Servicios Carabobo', 'Compañía de Servicios Carabobo', 'www.servicioscarabobo.com');


INSERT INTO persona (codigo_com, direccion_com, monto_acreditado_com, fecha_inicio_operacion_com, tipo_com, nacionalidad_com, fk_lugar, fk_usuario, tipo_persona_com, rif_jur, denominacion_persona_jur, razon_social_jur, pagina_web_jur)
VALUES 
(111, 'Avenida Bolívar, Edificio Central, San Carlos', 2500.0, '2023-01-15', 'proveedor', 'Venezolana', 8, 151, 'juridico', 'J-82345678-8', 'Centro Agropecuario', 'Distribuidora de Cojedes', 'www.centroagropecuario.com'),
(112, 'Calle Zamora, Galpón Industrial, Tinaco', 2600.0, '2023-01-16', 'proveedor', 'Venezolana', 8, 152, 'juridico', 'J-87654328-8', 'Productos Tinaco', 'Distribuidora de Alimentos Cojedes', 'www.productostinaco.com');


INSERT INTO persona (codigo_com, direccion_com, monto_acreditado_com, fecha_inicio_operacion_com, tipo_com, nacionalidad_com, fk_lugar, fk_usuario, tipo_persona_com, rif_jur, denominacion_persona_jur, razon_social_jur, pagina_web_jur)
VALUES 
(113, 'Avenida Orinoco, Centro Comercial Delta, Tucupita', 2700.0, '2023-01-17', 'proveedor', 'Venezolana', 9, 153, 'juridico', 'J-92345678-9', 'Comercial Delta', 'Distribuidora de Bienes Delta', 'www.comercialdelta.com'),
(114, 'Calle Mariño, Zona Comercial, Tucupita', 2800.0, '2023-01-18', 'proveedor', 'Venezolana', 9, 154, 'juridico', 'J-87654329-9', 'Delta Productos', 'Productos y Servicios Delta', 'www.deltaproductos.com');

INSERT INTO persona (codigo_com, direccion_com, monto_acreditado_com, fecha_inicio_operacion_com, tipo_com, nacionalidad_com, fk_lugar, fk_usuario, tipo_persona_com, rif_jur, denominacion_persona_jur, razon_social_jur, pagina_web_jur)
VALUES 
(117, 'Avenida Bolívar, Zona Comercial, San Juan de Los Morros', 3100.0, '2023-01-21', 'proveedor', 'Venezolana', 11, 157, 'juridico', 'J-112345678-11', 'Comercial San Juan', 'Distribuidora San Juan', 'www.comercialsanjuan.com'),
(118, 'Calle Ribas, Centro Empresarial, Calabozo', 3200.0, '2023-01-22', 'proveedor', 'Venezolana', 11, 158, 'juridico', 'J-87654331-11', 'Empresas Calabozo', 'Corporación Calabozo', 'www.empresascalabozo.com');


INSERT INTO persona (codigo_com, direccion_com, monto_acreditado_com, fecha_inicio_operacion_com, tipo_com, nacionalidad_com, fk_lugar, fk_usuario, tipo_persona_com, rif_jur, denominacion_persona_jur, razon_social_jur, pagina_web_jur)
VALUES 
(119, 'Avenida 20, Torre Industrial, Barquisimeto', 3300.0, '2023-01-23', 'proveedor', 'Venezolana', 12, 159, 'juridico', 'J-122345678-12', 'Industrias Barquisimeto', 'Fabricaciones Lara', 'www.industriasbarquisimeto.com'),
(120, 'Calle Venezuela, Complejo Comercial, Carora', 3400.0, '2023-01-24', 'proveedor', 'Venezolana', 12, 160, 'juridico', 'J-87654332-12', 'Comercial Carora', 'Distribuidora Carora', 'www.comercialcarora.com');


INSERT INTO persona (codigo_com, direccion_com, monto_acreditado_com, fecha_inicio_operacion_com, tipo_com, nacionalidad_com, fk_lugar, fk_usuario, tipo_persona_com, rif_jur, denominacion_persona_jur, razon_social_jur, pagina_web_jur)
VALUES 
(121, 'Avenida Las Américas, Edificio Empresarial, Mérida', 3500.0, '2023-01-25', 'proveedor', 'Venezolana', 13, 161, 'juridico', 'J-132345678-13', 'Empresas Mérida', 'Corporación Industrial Mérida', 'www.empresasmerida.com'),
(122, 'Calle 26, Zona Comercial, El Vigía', 3600.0, '2023-01-26', 'proveedor', 'Venezolana', 13, 162, 'juridico', 'J-87654333-13', 'Comercial El Vigía', 'Distribuidora El Vigía', 'www.comercialelvigia.com');


INSERT INTO persona (codigo_com, direccion_com, monto_acreditado_com, fecha_inicio_operacion_com, tipo_com, nacionalidad_com, fk_lugar, fk_usuario, tipo_persona_com, rif_jur, denominacion_persona_jur, razon_social_jur, pagina_web_jur)
VALUES 
(123, 'Avenida Francisco de Miranda, Torre Empresarial, Los Teques', 3700.0, '2023-01-27', 'proveedor', 'Venezolana', 14, 163, 'juridico', 'J-142345678-14', 'Empresas Los Teques', 'Corporación Industrial Miranda', 'www.empresaslosteques.com'),
(124, 'Calle Bolívar, Complejo Comercial, Guarenas', 3800.0, '2023-01-28', 'proveedor', 'Venezolana', 14, 164, 'juridico', 'J-87654334-14', 'Comercial Guarenas', 'Distribuidora Guarenas', 'www.comercialguarenas.com');


INSERT INTO persona (codigo_com, direccion_com, monto_acreditado_com, fecha_inicio_operacion_com, tipo_com, nacionalidad_com, fk_lugar, fk_usuario, tipo_persona_com, rif_jur, denominacion_persona_jur, razon_social_jur, pagina_web_jur)
VALUES 
(125, 'Avenida Bolívar, Zona Industrial, Maturín', 3900.0, '2023-01-29', 'proveedor', 'Venezolana', 15, 165, 'juridico', 'J-152345678-15', 'Industrias Maturín', 'Fabricaciones Monagas', 'www.industriasmaturin.com'),
(126, 'Calle Azcúe, Centro Empresarial, Caripito', 4000.0, '2023-01-30', 'proveedor', 'Venezolana', 15, 166, 'juridico', 'J-87654335-15', 'Comercial Caripito', 'Distribuidora Caripito', 'www.comercialcaripito.com');

INSERT INTO persona (codigo_com, direccion_com, monto_acreditado_com, fecha_inicio_operacion_com, tipo_com, nacionalidad_com, fk_lugar, fk_usuario, tipo_persona_com, rif_jur, denominacion_persona_jur, razon_social_jur, pagina_web_jur)
VALUES 
(115, 'Avenida Libertador, Centro Empresarial Paraguaná, Punto Fijo', 2900.0, '2023-01-19', 'proveedor', 'Venezolana', 10, 155, 'juridico', 'J-102345678-10', 'Empresas Paraguaná', 'Corporación Industrial Falcón', 'www.empresasparaguana.com'),
(116, 'Calle Colón, Complejo Comercial, Coro', 3000.0, '2023-01-20', 'proveedor', 'Venezolana', 10, 156, 'juridico', 'J-87654330-10', 'Servicios Falcón', 'Compañía de Servicios Falcón', 'www.serviciosfalcon.com');

INSERT INTO persona (codigo_com, direccion_com, monto_acreditado_com, fecha_inicio_operacion_com, tipo_com, nacionalidad_com, fk_lugar, fk_usuario, tipo_persona_com, rif_jur, denominacion_persona_jur, razon_social_jur, pagina_web_jur)
VALUES 
(127, 'Avenida 4 de Mayo, Torre Empresarial, Porlamar', 4100.0, '2023-01-31', 'proveedor', 'Venezolana', 16, 167, 'juridico', 'J-162345678-16', 'Empresas Porlamar', 'Corporación Industrial Nueva Esparta', 'www.empresasporlamar.com'),
(128, 'Calle Igualdad, Centro Comercial, Juan Griego', 4200.0, '2023-02-01', 'proveedor', 'Venezolana', 16, 168, 'juridico', 'J-87654336-16', 'Comercial Juan Griego', 'Distribuidora Juan Griego', 'www.comercialjuangriego.com');


INSERT INTO persona (codigo_com, direccion_com, monto_acreditado_com, fecha_inicio_operacion_com, tipo_com, nacionalidad_com, fk_lugar, fk_usuario, tipo_persona_com, rif_jur, denominacion_persona_jur, razon_social_jur, pagina_web_jur)
VALUES 
(129, 'Avenida Páez, Zona Industrial, Acarigua', 4300.0, '2023-02-02', 'proveedor', 'Venezolana', 17, 169, 'juridico', 'J-172345678-17', 'Empresas Acarigua', 'Corporación Industrial Portuguesa', 'www.empresasacarigua.com'),
(130, 'Calle 5 de Julio, Centro Empresarial, Guanare', 4400.0, '2023-02-03', 'proveedor', 'Venezolana', 17, 170, 'juridico', 'J-87654337-17', 'Comercial Guanare', 'Distribuidora Guanare', 'www.comercialguanare.com');


INSERT INTO persona (codigo_com, direccion_com, monto_acreditado_com, fecha_inicio_operacion_com, tipo_com, nacionalidad_com, fk_lugar, fk_usuario, tipo_persona_com, rif_jur, denominacion_persona_jur, razon_social_jur, pagina_web_jur)
VALUES 
(131, 'Avenida Bermúdez, Torre Comercial, Cumaná', 4500.0, '2023-02-04', 'proveedor', 'Venezolana', 18, 171, 'juridico', 'J-182345678-18', 'Empresas Cumaná', 'Corporación Industrial Sucre', 'www.empresascumana.com'),
(132, 'Calle Mariño, Centro Empresarial, Carúpano', 4600.0, '2023-02-05', 'proveedor', 'Venezolana', 18, 172, 'juridico', 'J-87654338-18', 'Comercial Carúpano', 'Distribuidora Carúpano', 'www.comercialcarupano.com');

INSERT INTO persona (codigo_com, direccion_com, monto_acreditado_com, fecha_inicio_operacion_com, tipo_com, nacionalidad_com, fk_lugar, fk_usuario, tipo_persona_com, rif_jur, denominacion_persona_jur, razon_social_jur, pagina_web_jur)
VALUES 
(133, 'Avenida 19 de Abril, Zona Comercial, San Cristóbal', 4700.0, '2023-02-06', 'proveedor', 'Venezolana', 19, 173, 'juridico', 'J-192345678-19', 'Empresas San Cristóbal', 'Corporación Industrial Táchira', 'www.empresassancristobal.com'),
(134, 'Calle 5, Centro Empresarial, San Antonio del Táchira', 4800.0, '2023-02-07', 'proveedor', 'Venezolana', 19, 174, 'juridico', 'J-87654339-19', 'Comercial San Antonio', 'Distribuidora San Antonio', 'www.comercialsanantonio.com');


INSERT INTO persona (codigo_com, direccion_com, monto_acreditado_com, fecha_inicio_operacion_com, tipo_com, nacionalidad_com, fk_lugar, fk_usuario, tipo_persona_com, rif_jur, denominacion_persona_jur, razon_social_jur, pagina_web_jur)
VALUES 
(135, 'Avenida Bolívar, Torre Empresarial, Valera', 4900.0, '2023-02-08', 'proveedor', 'Venezolana', 20, 175, 'juridico', 'J-202345678-20', 'Empresas Valera', 'Corporación Industrial Trujillo', 'www.empresasvalera.com'),
(136, 'Calle Sucre, Complejo Comercial, Trujillo', 5000.0, '2023-02-09', 'proveedor', 'Venezolana', 20, 176, 'juridico', 'J-87654340-20', 'Comercial Trujillo', 'Distribuidora Trujillo', 'www.comercialtrujillo.com');

INSERT INTO persona (codigo_com, direccion_com, monto_acreditado_com, fecha_inicio_operacion_com, tipo_com, nacionalidad_com, fk_lugar, fk_usuario, tipo_persona_com, rif_jur, denominacion_persona_jur, razon_social_jur, pagina_web_jur)
VALUES 
(137, 'Avenida La Playa, Edificio Empresarial, La Guaira', 5100.0, '2023-02-10', 'proveedor', 'Venezolana', 21, 177, 'juridico', 'J-212345678-21', 'Empresas La Guaira', 'Corporación Industrial Vargas', 'www.empresaslaguaira.com'),
(138, 'Calle Bolívar, Centro Comercial, Maiquetía', 5200.0, '2023-02-11', 'proveedor', 'Venezolana', 21, 178, 'juridico', 'J-87654341-21', 'Comercial Maiquetía', 'Distribuidora Maiquetía', 'www.comercialmaiquetia.com');


INSERT INTO persona (codigo_com, direccion_com, monto_acreditado_com, fecha_inicio_operacion_com, tipo_com, nacionalidad_com, fk_lugar, fk_usuario, tipo_persona_com, rif_jur, denominacion_persona_jur, razon_social_jur, pagina_web_jur)
VALUES 
(139, 'Avenida Bolívar, Zona Industrial, San Felipe', 5300.0, '2023-02-12', 'proveedor', 'Venezolana', 22, 179, 'juridico', 'J-222345678-22', 'Empresas San Felipe', 'Corporación Industrial Yaracuy', 'www.empresassanfelipe.com'),
(140, 'Calle 19 de Abril, Centro Empresarial, Yaritagua', 5400.0, '2023-02-13', 'proveedor', 'Venezolana', 22, 180, 'juridico', 'J-87654342-22', 'Comercial Yaritagua', 'Distribuidora Yaritagua', 'www.comercialyaritagua.com');


INSERT INTO persona (codigo_com, direccion_com, monto_acreditado_com, fecha_inicio_operacion_com, tipo_com, nacionalidad_com, fk_lugar, fk_usuario, tipo_persona_com, rif_jur, denominacion_persona_jur, razon_social_jur, pagina_web_jur)
VALUES 
(141, 'Avenida Bella Vista, Torre Empresarial, Maracaibo', 5500.0, '2023-02-14', 'proveedor', 'Venezolana', 23, 181, 'juridico', 'J-232345678-23', 'Empresas Maracaibo', 'Corporación Industrial Zulia', 'www.empresasmaracaibo.com'),
(142, 'Calle 72, Complejo Comercial, Cabimas', 5600.0, '2023-02-15', 'proveedor', 'Venezolana', 23, 182, 'juridico', 'J-87654343-23', 'Comercial Cabimas', 'Distribuidora Cabimas', 'www.comercialcabimas.com');

INSERT INTO persona (codigo_com, direccion_com, monto_acreditado_com, fecha_inicio_operacion_com, tipo_com, nacionalidad_com, fk_lugar, fk_usuario, tipo_persona_com, rif_jur, denominacion_persona_jur, razon_social_jur, pagina_web_jur)
VALUES 
(143, 'Avenida Urdaneta, Edificio Empresarial, Caracas', 5700.0, '2023-02-16', 'proveedor', 'Venezolana', 24, 183, 'juridico', 'J-242345678-24', 'Empresas Caracas', 'Corporación Industrial Distrito Capital', 'www.empresascaracas.com'),
(144, 'Calle Sucre, Centro Comercial, El Hatillo', 5800.0, '2023-02-17', 'proveedor', 'Venezolana', 24, 184, 'juridico', 'J-87654344-24', 'Comercial El Hatillo', 'Distribuidora El Hatillo', 'www.comercialelhatillo.com');

INSERT INTO empleado (codigo_empleado_per, primer_nombre_per, segundo_nombre_per, primer_apellido_per, segundo_apellido_per, direccion_per, fecha_inicio_servicio_per, fk_lugar, sueldo_per, fk_usuario, cedula_per) 
VALUES (1, 'Juan', 'Carlos', 'Perez', 'Gomez', 'Calle A, 123', '2022-01-01', 400, 1500.00, 97, 'V-12345678');

INSERT INTO empleado (codigo_empleado_per, primer_nombre_per, segundo_nombre_per, primer_apellido_per, segundo_apellido_per, direccion_per, fecha_inicio_servicio_per, fk_lugar, sueldo_per, fk_usuario, cedula_per) 
VALUES (2, 'Maria', 'Fernanda', 'Rodriguez', 'Lopez', 'Calle B, 456', '2022-02-01', 762, 1600.00, 98, 'V-23456789');

INSERT INTO empleado (codigo_empleado_per, primer_nombre_per, segundo_nombre_per, primer_apellido_per, segundo_apellido_per, direccion_per, fecha_inicio_servicio_per, fk_lugar, sueldo_per, fk_usuario, cedula_per) 
VALUES (3, 'Luis', 'Enrique', 'Gonzalez', 'Martinez', 'Calle C, 789', '2022-03-01', 522, 1700.00, 99, 'V-34567890');

INSERT INTO empleado (codigo_empleado_per, primer_nombre_per, segundo_nombre_per, primer_apellido_per, segundo_apellido_per, direccion_per, fecha_inicio_servicio_per, fk_lugar, sueldo_per, fk_usuario, cedula_per) 
VALUES (4, 'Ana', 'Isabel', 'Hernandez', 'Jimenez', 'Calle D, 101', '2022-04-01', 985, 1800.00, 100, 'V-45678901');

INSERT INTO empleado (codigo_empleado_per, primer_nombre_per, segundo_nombre_per, primer_apellido_per, segundo_apellido_per, direccion_per, fecha_inicio_servicio_per, fk_lugar, sueldo_per, fk_usuario, cedula_per) 
VALUES (5, 'Carlos', 'Eduardo', 'Ramirez', 'Torres', 'Calle E, 202', '2022-05-01', 1450, 1900.00, 101, 'V-56789012');

INSERT INTO empleado (codigo_empleado_per, primer_nombre_per, segundo_nombre_per, primer_apellido_per, segundo_apellido_per, direccion_per, fecha_inicio_servicio_per, fk_lugar, sueldo_per, fk_usuario, cedula_per) 
VALUES (6, 'Elena', 'Maria', 'Fernandez', 'Castro', 'Calle F, 303', '2022-06-01', 1348, 2000.00, 102, 'V-67890123');

INSERT INTO empleado (codigo_empleado_per, primer_nombre_per, segundo_nombre_per, primer_apellido_per, segundo_apellido_per, direccion_per, fecha_inicio_servicio_per, fk_lugar, sueldo_per, fk_usuario, cedula_per) 
VALUES (7, 'Jorge', 'Luis', 'Moreno', 'Ruiz', 'Calle G, 404', '2022-07-01', 612, 2100.00, 103, 'V-78901234');

INSERT INTO empleado (codigo_empleado_per, primer_nombre_per, segundo_nombre_per, primer_apellido_per, segundo_apellido_per, direccion_per, fecha_inicio_servicio_per, fk_lugar, sueldo_per, fk_usuario, cedula_per) 
VALUES (8, 'Patricia', 'Victoria', 'Munoz', 'Perez', 'Calle H, 505', '2022-08-01', 921, 2200.00, 104, 'V-89012345');

INSERT INTO empleado (codigo_empleado_per, primer_nombre_per, segundo_nombre_per, primer_apellido_per, segundo_apellido_per, direccion_per, fecha_inicio_servicio_per, fk_lugar, sueldo_per, fk_usuario, cedula_per) 
VALUES (9, 'Ricardo', 'Jose', 'Rojas', 'Gomez', 'Calle I, 606', '2022-09-01', 458, 2300.00, 105, 'V-90123456');

INSERT INTO empleado (codigo_empleado_per, primer_nombre_per, segundo_nombre_per, primer_apellido_per, segundo_apellido_per, direccion_per, fecha_inicio_servicio_per, fk_lugar, sueldo_per, fk_usuario, cedula_per) 
VALUES (10, 'Sofia', 'Gabriela', 'Diaz', 'Lopez', 'Calle J, 707', '2022-10-01', 1167, 2400.00, 106, 'V-01234567');

INSERT INTO empleado (codigo_empleado_per, primer_nombre_per, segundo_nombre_per, primer_apellido_per, segundo_apellido_per, direccion_per, fecha_inicio_servicio_per, fk_lugar, sueldo_per, fk_usuario, cedula_per) 
VALUES (11, 'Daniela', 'Rocio', 'Acosta', 'Sanchez', 'Calle K, 808', '2022-11-01', 745, 2500.00, 107, 'V-12345679');

INSERT INTO empleado (codigo_empleado_per, primer_nombre_per, segundo_nombre_per, primer_apellido_per, segundo_apellido_per, direccion_per, fecha_inicio_servicio_per, fk_lugar, sueldo_per, fk_usuario, cedula_per) 
VALUES (12, 'Manuel', 'Antonio', 'Soto', 'Navarro', 'Calle L, 909', '2022-12-01', 1102, 2600.00, 108, 'V-23456780');

INSERT INTO empleado (codigo_empleado_per, primer_nombre_per, segundo_nombre_per, primer_apellido_per, segundo_apellido_per, direccion_per, fecha_inicio_servicio_per, fk_lugar, sueldo_per, fk_usuario, cedula_per) 
VALUES (13, 'Gabriela', 'Lourdes', 'Vargas', 'Pena', 'Calle M, 1010', '2023-01-01', 1322, 2700.00, 109, 'V-34567891');

INSERT INTO empleado (codigo_empleado_per, primer_nombre_per, segundo_nombre_per, primer_apellido_per, segundo_apellido_per, direccion_per, fecha_inicio_servicio_per, fk_lugar, sueldo_per, fk_usuario, cedula_per) 
VALUES (14, 'Miguel', 'Angel', 'Ortega', 'Perez', 'Calle N, 1111', '2023-02-01', 978, 2800.00, 110, 'V-45678902');

INSERT INTO empleado (codigo_empleado_per, primer_nombre_per, segundo_nombre_per, primer_apellido_per, segundo_apellido_per, direccion_per, fecha_inicio_servicio_per, fk_lugar, sueldo_per, fk_usuario, cedula_per) 
VALUES (15, 'Adriana', 'Paola', 'Reyes', 'Diaz', 'Calle O, 1212', '2023-03-01', 804, 2900.00, 111, 'V-56789013');

INSERT INTO empleado (codigo_empleado_per, primer_nombre_per, segundo_nombre_per, primer_apellido_per, segundo_apellido_per, direccion_per, fecha_inicio_servicio_per, fk_lugar, sueldo_per, fk_usuario, cedula_per) 
VALUES (16, 'Francisco', 'Javier', 'Flores', 'Morales', 'Calle P, 1313', '2023-04-01', 503, 3000.00, 112, 'V-67890124');

INSERT INTO empleado (codigo_empleado_per, primer_nombre_per, segundo_nombre_per, primer_apellido_per, segundo_apellido_per, direccion_per, fecha_inicio_servicio_per, fk_lugar, sueldo_per, fk_usuario, cedula_per) 
VALUES (17, 'Valeria', 'Nicole', 'Ramos', 'Castillo', 'Calle Q, 1414', '2023-05-01', 641, 3100.00, 113, 'V-78901235');

INSERT INTO empleado (codigo_empleado_per, primer_nombre_per, segundo_nombre_per, primer_apellido_per, segundo_apellido_per, direccion_per, fecha_inicio_servicio_per, fk_lugar, sueldo_per, fk_usuario, cedula_per) 
VALUES (18, 'Fernando', 'Luis', 'Cruz', 'Romero', 'Calle R, 1515', '2023-06-01', 411, 3200.00, 114, 'V-89012346');

INSERT INTO empleado (codigo_empleado_per, primer_nombre_per, segundo_nombre_per, primer_apellido_per, segundo_apellido_per, direccion_per, fecha_inicio_servicio_per, fk_lugar, sueldo_per, fk_usuario, cedula_per) 
VALUES (19, 'Natalia', 'Andrea', 'Mendoza', 'Ortega', 'Calle S, 1616', '2023-07-01', 726, 3300.00, 115, 'V-90123457');

INSERT INTO empleado (codigo_empleado_per, primer_nombre_per, segundo_nombre_per, primer_apellido_per, segundo_apellido_per, direccion_per, fecha_inicio_servicio_per, fk_lugar, sueldo_per, fk_usuario, cedula_per) 
VALUES (20, 'Julian', 'Martin', 'Mejia', 'Herrera', 'Calle T, 1717', '2023-08-01', 1253, 3400.00, 116, 'V-01234568');

INSERT INTO empleado (codigo_empleado_per, primer_nombre_per, segundo_nombre_per, primer_apellido_per, segundo_apellido_per, direccion_per, fecha_inicio_servicio_per, fk_lugar, sueldo_per, fk_usuario, cedula_per) 
VALUES (21, 'Liliana', 'Susana', 'Silva', 'Vega', 'Calle U, 1818', '2023-09-01', 850, 3500.00, 117, 'V-12345669');

INSERT INTO empleado (codigo_empleado_per, primer_nombre_per, segundo_nombre_per, primer_apellido_per, segundo_apellido_per, direccion_per, fecha_inicio_servicio_per, fk_lugar, sueldo_per, fk_usuario, cedula_per) 
VALUES (22, 'Alejandro', 'Jose', 'Rios', 'Gonzalez', 'Calle V, 1919', '2023-10-01', 417, 3600.00, 118, 'V-23456790');

INSERT INTO empleado (codigo_empleado_per, primer_nombre_per, segundo_nombre_per, primer_apellido_per, segundo_apellido_per, direccion_per, fecha_inicio_servicio_per, fk_lugar, sueldo_per, fk_usuario, cedula_per) 
VALUES (23, 'Monica', 'Cristina', 'Suarez', 'Lara', 'Calle W, 2020', '2023-11-01', 1198, 3700.00, 119, 'V-34567892');

INSERT INTO empleado (codigo_empleado_per, primer_nombre_per, segundo_nombre_per, primer_apellido_per, segundo_apellido_per, direccion_per, fecha_inicio_servicio_per, fk_lugar, sueldo_per, fk_usuario, cedula_per) 
VALUES (24, 'Roberto', 'Carlos', 'Vargas', 'Fuentes', 'Calle X, 2121', '2023-12-01', 369, 3800.00, 120, 'V-45678903');

INSERT INTO empleado (codigo_empleado_per, primer_nombre_per, segundo_nombre_per, primer_apellido_per, segundo_apellido_per, direccion_per, fecha_inicio_servicio_per, fk_lugar, sueldo_per, fk_usuario, cedula_per) 
VALUES (25, 'Sandra', 'Elena', 'Navarro', 'Mendoza', 'Calle Y, 2222', '2024-01-01', 1402, 3900.00, 121, 'V-56789014');

INSERT INTO empleado (codigo_empleado_per, primer_nombre_per, segundo_nombre_per, primer_apellido_per, segundo_apellido_per, direccion_per, fecha_inicio_servicio_per, fk_lugar, sueldo_per, fk_usuario, cedula_per) 
VALUES (26, 'Diego', 'Esteban', 'Paredes', 'Guzman', 'Calle Z, 2323', '2024-02-01', 713, 4000.00, 122, 'V-67890125');

INSERT INTO empleado (codigo_empleado_per, primer_nombre_per, segundo_nombre_per, primer_apellido_per, segundo_apellido_per, direccion_per, fecha_inicio_servicio_per, fk_lugar, sueldo_per, fk_usuario, cedula_per) 
VALUES (27, 'Paola', 'Andrea', 'Quintero', 'Lopez', 'Calle AA, 2424', '2024-03-01', 411, 4100.00, 123, 'V-78901236');

INSERT INTO empleado (codigo_empleado_per, primer_nombre_per, segundo_nombre_per, primer_apellido_per, segundo_apellido_per, direccion_per, fecha_inicio_servicio_per, fk_lugar, sueldo_per, fk_usuario, cedula_per) 
VALUES (28, 'Rafael', 'David', 'Salas', 'Paz', 'Calle BB, 2525', '2024-04-01', 1203, 4200.00, 124, 'V-89012347');

INSERT INTO empleado (codigo_empleado_per, primer_nombre_per, segundo_nombre_per, primer_apellido_per, segundo_apellido_per, direccion_per, fecha_inicio_servicio_per, fk_lugar, sueldo_per, fk_usuario, cedula_per) 
VALUES (29, 'Claudia', 'Juliana', 'Palacios', 'Cruz', 'Calle CC, 2626', '2024-05-01', 998, 4300.00, 125, 'V-90123458');

INSERT INTO empleado (codigo_empleado_per, primer_nombre_per, segundo_nombre_per, primer_apellido_per, segundo_apellido_per, direccion_per, fecha_inicio_servicio_per, fk_lugar, sueldo_per, fk_usuario, cedula_per) 
VALUES (30, 'Emilio', 'Raul', 'Aguilar', 'Rojas', 'Calle DD, 2727', '2024-06-01', 1341, 4400.00, 126, 'V-01234569');

INSERT INTO empleado (codigo_empleado_per, primer_nombre_per, segundo_nombre_per, primer_apellido_per, segundo_apellido_per, direccion_per, fecha_inicio_servicio_per, fk_lugar, sueldo_per, fk_usuario, cedula_per) 
VALUES (31, 'Lorena', 'Patricia', 'Muñoz', 'González', 'Calle EE, 2828', '2024-07-01', 761, 4500.00, 127, 'V-12345680');

INSERT INTO empleado (codigo_empleado_per, primer_nombre_per, segundo_nombre_per, primer_apellido_per, segundo_apellido_per, direccion_per, fecha_inicio_servicio_per, fk_lugar, sueldo_per, fk_usuario, cedula_per) 
VALUES (32, 'Eduardo', 'Andres', 'Gutierrez', 'Vera', 'Calle FF, 2929', '2024-08-01', 1199, 4600.00, 128, 'V-23456791');

INSERT INTO empleado (codigo_empleado_per, primer_nombre_per, segundo_nombre_per, primer_apellido_per, segundo_apellido_per, direccion_per, fecha_inicio_servicio_per, fk_lugar, sueldo_per, fk_usuario, cedula_per) 
VALUES (33, 'Laura', 'Sofia', 'Ramirez', 'Fernandez', 'Calle GG, 3030', '2024-09-01', 369, 4700.00, 129, 'V-34567893');

INSERT INTO empleado (codigo_empleado_per, primer_nombre_per, segundo_nombre_per, primer_apellido_per, segundo_apellido_per, direccion_per, fecha_inicio_servicio_per, fk_lugar, sueldo_per, fk_usuario, cedula_per) 
VALUES (34, 'Alberto', 'Emilio', 'Diaz', 'Campos', 'Calle HH, 3131', '2024-10-01', 1403, 4800.00, 130, 'V-45678904');

INSERT INTO empleado (codigo_empleado_per, primer_nombre_per, segundo_nombre_per, primer_apellido_per, segundo_apellido_per, direccion_per, fecha_inicio_servicio_per, fk_lugar, sueldo_per, fk_usuario, cedula_per) 
VALUES (35, 'Paula', 'Isabel', 'Mendoza', 'Lopez', 'Calle II, 3232', '2024-11-01', 714, 4900.00, 131, 'V-56789015');

INSERT INTO empleado (codigo_empleado_per, primer_nombre_per, segundo_nombre_per, primer_apellido_per, segundo_apellido_per, direccion_per, fecha_inicio_servicio_per, fk_lugar, sueldo_per, fk_usuario, cedula_per) 
VALUES (36, 'Victor', 'Raul', 'Paredes', 'Morales', 'Calle JJ, 3333', '2024-12-01', 1056, 5000.00, 132, 'V-67890126');

INSERT INTO empleado (codigo_empleado_per, primer_nombre_per, segundo_nombre_per, primer_apellido_per, segundo_apellido_per, direccion_per, fecha_inicio_servicio_per, fk_lugar, sueldo_per, fk_usuario, cedula_per) 
VALUES (37, 'Mariana', 'Beatriz', 'Castillo', 'Martinez', 'Calle KK, 3434', '2025-01-01', 409, 5100.00, 133, 'V-78901237');

INSERT INTO empleado (codigo_empleado_per, primer_nombre_per, segundo_nombre_per, primer_apellido_per, segundo_apellido_per, direccion_per, fecha_inicio_servicio_per, fk_lugar, sueldo_per, fk_usuario, cedula_per) 
VALUES (38, 'Javier', 'Tomas', 'Cruz', 'Ortiz', 'Calle LL, 3535', '2025-02-01', 622, 5200.00, 134, 'V-89012348');

INSERT INTO empleado (codigo_empleado_per, primer_nombre_per, segundo_nombre_per, primer_apellido_per, segundo_apellido_per, direccion_per, fecha_inicio_servicio_per, fk_lugar, sueldo_per, fk_usuario, cedula_per) 
VALUES (39, 'Diana', 'Lorena', 'Soto', 'Perez', 'Calle MM, 3636', '2025-03-01', 1251, 5300.00, 135, 'V-90123459');

INSERT INTO empleado (codigo_empleado_per, primer_nombre_per, segundo_nombre_per, primer_apellido_per, segundo_apellido_per, direccion_per, fecha_inicio_servicio_per, fk_lugar, sueldo_per, fk_usuario, cedula_per) 
VALUES (40, 'Felipe', 'Ricardo', 'Chavez', 'Santos', 'Calle NN, 3737', '2025-04-01', 967, 5400.00, 136, 'V-01234570');


INSERT INTO caracteristica (codigo_car,nombre_car) VALUES
(1,'cantida tripulacion'),
(2,'capacidad pasajeros'),
(3,'longitud'),
(4,'envergadura'),
(5,'altura'),
(6,'peso vacio'),
(7,'peso maximo de despegue'),
(8,'volumen de carga'),
(9,'velocidad maxima'),
(10,'maxima capacidad de combustible');

INSERT INTO caracteristica_modelo (valor_cm,unidad_medida_cm,fk_caracteristica,fk_modelo_avion) VALUES
(6,'personas',1,3),
(289,'pasajeros',2,7),
(36.5,'metros',3,4),
(35.7,'metros',4,7),
(12.5,'metros',5,7),
(162.400,'kilogramos',6,11),
(333.400,'kilogramos',7,11),
(52.5,'metros cuadrados',8,9),
(0.92,'March',9,14),
(199.160,'litros',10,13);

INSERT INTO tipo_prueba (codigo_tp, nombre_tp, descripcion_tp, duracion_estimada_tp) VALUES
(1, 'Prueba de Motor', 'Evaluación completa de rendimiento y resistencia del motor.', '30 dias'),
(2, 'Prueba de Alerones', 'Verificación de funcionalidad y ajustes de los alerones.', '18 dias'),
(3, 'Prueba de Tren de Aterrizaje', 'Revisión del mecanismo del tren de aterrizaje en diversas condiciones.', '16 dias'),
(4, 'Prueba de Combustible', 'Análisis de eficiencia y consumo del sistema de combustible.', '27 dias'),
(5, 'Prueba de Presurización', 'Evaluación de la integridad del sistema de presurización en altura.', '25 dias'),
(6, 'Prueba de Aviónica', 'Verificación de todos los sistemas electrónicos y de navegación.', '31 dias'),
(7, 'Prueba de Vibración', 'Prueba de resistencia y comportamiento bajo vibraciones.', '12 dias'),
(8, 'Prueba de Radar', 'Comprobación de alcance y precisión del radar.', '7 dias'),
(9, 'Prueba de Desempeño en Climas Fríos', 'Evaluación del rendimiento en bajas temperaturas.', '14 dias'),
(10, 'Prueba de Calidad', 'Análisis de la calidad de materia prima', '30 dias');


INSERT INTO tipo_pieza (codigo_tp, nombre_tp, descripcion_tp, fk_tipo_pieza, precio_unidad_tp) VALUES 
(1, 'Ala', 'Ala principal del avión', NULL, 5000.00),
(2, 'Motor', 'Motor a reacción', NULL, 200000.00),
(3, 'Tren de aterrizaje', 'Tren de aterrizaje principal', NULL, 15000.00),
(4, 'Cabina', 'Cabina de mando', NULL, 30000.00),
(5, 'Fuselaje', 'Cuerpo principal del avión', NULL, 100000.00),
(6, 'Estabilizador horizontal', 'Estabilizador horizontal trasero', NULL, 8000.00),
(7, 'Estabilizador vertical', 'Estabilizador vertical trasero', NULL, 7000.00),
(8, 'Alerón', 'Alerón de control de vuelo', 1, 2000.00),
(9, 'Flap Krueger', 'Flap de control de vuelo', 1, 2500.00),
(10, 'Spoiler', 'Spoiler de control de vuelo', 1, 2200.00),
(11, 'Timón de dirección', 'Timón de dirección trasero', 7, 3000.00),
(12, 'Compuerta de tren de aterrizaje', 'Compuerta del tren de aterrizaje', 3, 1200.00),
(13, 'Ventana', 'Ventana de la cabina de pasajeros', 4, 500.00),
(14, 'Puerta', 'Puerta de acceso principal', 4, 4000.00),
(15, 'Asiento', 'Asiento de pasajero', 4, 300.00),
(16, 'Cinturón de seguridad', 'Cinturón de seguridad de pasajero', 15, 50.00),
(17, 'Sistema de entretenimiento', 'Sistema de entretenimiento a bordo', 4, 1000.00),
(18, 'Sistema de navegación', 'Sistema de navegación del avión', 4, 15000.00),
(19, 'Sistema de comunicación', 'Sistema de comunicación del avión', 4, 12000.00),
(20, 'Sistema de oxígeno', 'Sistema de oxígeno de emergencia', 4, 8000.00);



INSERT INTO plan_transporte (codigo_pt, duracion_estimada_pt, descripcion_pt) VALUES 
(1, '5 días', 'Transporte terrestre local'),
(2, '10 días', 'Transporte terrestre nacional'),
(3, '15 días', 'Transporte terrestre regional'),
(4, '20 días', 'Transporte terrestre interprovincial'),
(5, '25 días', 'Transporte terrestre de larga distancia'),
(6, '30 días', 'Transporte terrestre especializado'),
(7, '35 días', 'Transporte terrestre urgente'),
(8, '40 días', 'Transporte terrestre de carga pesada'),
(9, '45 días', 'Transporte terrestre de productos frágiles'),
(10, '50 días', 'Transporte terrestre de mercancías generales');

INSERT INTO embalaje_plan (codigo_ep, duracion_estimada_ep) VALUES 
(1, '5 días'),
(2, '10 días'),
(3, '15 días'),
(4, '20 días'),
(5, '25 días'),
(6, '30 días'),
(7, '35 días'),
(8, '40 días'),
(9, '45 días'),
(10, '50 días');

INSERT INTO tipo_materia_prima (codigo_tmp, nombre_tmp, descripcion_tmp, unidad_medida_tmp) VALUES 
(1, 'Acero', 'Acero inoxidable', 'kg'),
(2, 'Aluminio', 'Aluminio puro', 'kg'),
(3, 'Cobre', 'Cobre electrolítico', 'kg'),
(4, 'Plástico', 'Plástico ABS', 'kg'),
(5, 'Madera', 'Madera de roble', 'm3'),
(6, 'Vidrio', 'Vidrio templado', 'm2'),
(7, 'Caucho', 'Caucho natural', 'kg'),
(8, 'Fibra de carbono', 'Fibra de carbono de alta resistencia', 'kg'),
(9, 'Titanio', 'Titanio grado aeroespacial', 'kg'),
(10, 'Latón', 'Latón de alta pureza', 'kg');

INSERT INTO profesion (codigo_pro, nombre_pro) VALUES 
(1, 'Ingeniero'),
(2, 'Mecánico'),
(3, 'Electricista'),
(4, 'Carpintero'),
(5, 'Plomero'),
(6, 'Albañil'),
(7, 'Pintor'),
(8, 'Soldador'),
(9, 'Técnico en refrigeración'),
(10, 'Técnico en electrónica');

INSERT INTO configuracion_avion (cantidad_pieza_ca, fk_tipo_pieza, fk_modelo_avion, fk_sede) VALUES 
(100, 1, 1, 1),
(200, 2, 1, 1),
(150, 3, 2, 1),
(120, 4, 3, 1),
(180, 5, 6, 1),
(130, 6, 5, 1),
(110, 7, 5, 1),
(140, 8, 4, 1),
(160, 9, 7, 1),
(170, 10, 1, 1);

INSERT INTO configuracion_pieza (cantidad_materia_prima_cp, fk_tipo_materia_prima, fk_tipo_pieza, fk_sede) VALUES 
(50, 1, 1, 1),
(60, 2, 2, 1),
(70, 3, 3, 1),
(80, 4, 4, 1),
(90, 5, 5, 1),
(100, 6, 6, 1),
(110, 7, 7, 1),
(120, 8, 8, 1),
(130, 9, 9, 1),
(140, 10, 10, 1);

INSERT INTO plan_ensamblaje (codigo_pe, descripcion_pe, duracion_estimada_pe) VALUES 
(1, 'Ensamblaje inicial', '30 días'),
(2, 'Ensamblaje intermedio', '45 días'),
(3, 'Ensamblaje final', '60 días'),
(4, 'Pruebas de calidad', '15 días'),
(5, 'Ajustes finales', '10 días'),
(6, 'Inspección final', '5 días'),
(7, 'Preparación para entrega', '7 días'),
(8, 'Entrega al cliente', '3 días'),
(9, 'Mantenimiento preventivo', '20 días'),
(10, 'Revisión post-entrega', '10 días');

INSERT INTO estimacion_profesion_empleado (codigo_epp, fk_tipo_prueba, fk_embalaje_plan, fk_plan_transporte, fk_plan_ensamblaje, cantidad_empleado_epp, fk_profesion) VALUES 
(1, 1, 1, 1, 1, 10, 1),
(2, 2, 2, 2, 2, 8, 2),
(3, 3, 3, 3, 3, 6, 3),
(4, 4, 4, 4, 4, 4, 4),
(5, 5, 5, 5, 5, 12, 5),
(6, 6, 6, 6, 6, 7, 6),
(7, 7, 7, 7, 7, 9, 7),
(8, 8, 8, 8, 8, 5, 8),
(9, 9, 9, 9, 9, 11, 9),
(10, 10, 10, 10, 10, 13, 10);

INSERT INTO configuracion_ensamblaje_pieza (fk_plan_ensamblaje, fk_tipo_pieza,fk_sede)
VALUES 
(1, 1,1),
(1, 2,2),
(2, 3,3),
(2, 4,4),
(3, 5,5),
(3, 6,3),
(4, 7,2),
(4, 8,2),
(5, 9,1),
(5, 10,1);

INSERT INTO beneficiario (codigo_ben, primer_nombre_ben, segundo_nombre_ben, primer_apellido_ben, segundo_apellido_ben, descripcion_ben, fk_empleado) VALUES
(1, 'Juan', 'Carlos', 'Pérez', 'González', 'Hermano del empleado', 5),
(2, 'María', 'José', 'Rodríguez', 'Martínez', 'Hija del empleado', 10),
(3, 'Luis', 'Fernando', 'Gómez', 'Hernández', 'Padre del empleado', 15),
(4, 'Ana', 'Lucía', 'López', 'Díaz', 'Esposa del empleado', 20),
(5, 'Carlos', 'Eduardo', 'Sánchez', 'Ramírez', 'Hermano del empleado', 25),
(6, 'Laura', 'Isabel', 'Torres', 'Cruz', 'Hija del empleado', 30),
(7, 'Miguel', 'Ángel', 'Hernández', 'Jiménez', 'Padre del empleado', 35),
(8, 'Elena', 'Sofía', 'Pérez', 'Morales', 'Madre del empleado', 40),
(9, 'Jorge', 'Luis', 'García', 'Fernández', 'Hijo del empleado', 1),
(10, 'Isabel', 'Cristina', 'Martínez', 'Ortiz', 'Esposa del empleado', 2);

INSERT INTO telefono (codigo_tel, numero_telefono_tel, codigo_area_tel, fk_persona, fk_empleado) VALUES
(1, '555-1234', '0212', 1, NULL),
(2, '555-5678', '0212', 2, NULL),
(3, '555-9012', '0212', 3, NULL),
(4, '555-3456', '0212', NULL, 1),
(5, '555-7890', '0212', NULL, 2),
(6, '555-2345', '0212', 4, NULL),
(7, '555-6789', '0212', NULL, 3),
(8, '555-0123', '0212', 5, NULL),
(9, '555-4567', '0212', NULL, 4),
(10, '555-8901', '0212', 6, NULL);

INSERT INTO correo_electronico (codigo_ce, direccion_correo_ce, fk_persona, fk_empleado) VALUES
(1, 'juan.perez@example.com', 1, NULL),
(2, 'maria.rodriguez@example.com', 2, NULL),
(3, 'luis.gomez@example.com', 3, NULL),
(4, 'ana.lopez@example.com', NULL, 1),
(5, 'carlos.sanchez@example.com', NULL, 2),
(6, 'laura.torres@example.com', 4, NULL),
(7, 'miguel.hernandez@example.com', NULL, 3),
(8, 'elena.perez@example.com', 5, NULL),
(9, 'jorge.garcia@example.com', NULL, 4),
(10, 'isabel.martinez@example.com', 6, NULL);

INSERT INTO privilegio (codigo_pri, nombre_pri) VALUES
(1, 'Permiso para consultar horario'),
(2, 'Permiso para eliminar modelo avion'),
(3, 'Permiso para editar modelo avion'),
(4, 'Permiso para registrar en tabla venta'),
(5, 'Permiso para consultar en tabla venta'),
(6, 'Permiso para editar estatus'),
(7, 'Permiso para eliminar tipo de prueba'),
(8, 'Permiso para consultar estatus'),
(9, 'Permiso para editar rol'),
(10, 'Permiso para registrar prueba');

INSERT INTO rol_privilegio (fk_rol, fk_privilegio) VALUES
(3, 1),  
(1, 2),  
(3, 3),
(2,4),
(2,5),
(3,6),
(1,7),
(2,8),
(1,9),
(1,10);

INSERT INTO red_social (codigo_rs, direccion_rs, dominio_rs, fk_empleado) VALUES
(1, 'juan.perez123', 'twitter.com', 5),
(2, 'maria_rodriguez', 'facebook.com', 12),
(3, 'luis.gomez.official', 'instagram.com', 18),
(4, 'ana.lopez', 'linkedin.com', 25),
(5, 'carlos.sanchez', 'twitter.com', 8),
(6, 'laura.torres89', 'facebook.com', 30),
(7, 'miguel_hernandez', 'instagram.com', 21),
(8, 'elena.perez56', 'linkedin.com', 14),
(9, 'jorge.garcia', 'twitter.com', 33),
(10, 'isabel_martinez', 'facebook.com', 27);

INSERT INTO labor (codigo_lab, nombre_lab, nivel_importancia_lab) VALUES
(1, 'Ensamblaje de fuselaje', 'Alta'),
(2, 'Mantenimiento de motores', 'Alta'),
(3, 'Inspección de calidad', 'Media'),
(4, 'Pruebas de vuelo', 'Alta'),
(5, 'Control de inventario', 'Media'),
(6, 'Diseño de componentes', 'Alta'),
(7, 'Documentación técnica', 'Baja'),
(8, 'Logística y transporte', 'Media'),
(9, 'Capacitación de personal', 'Media'),
(10, 'Soporte técnico', 'Baja');

INSERT INTO empleado_profesion (titulacion_ep, experiencia_profesional_ep, fk_profesion, fk_empleado) VALUES
('Ingeniero Aeronáutico', '10 años', 1, 5),
('Técnico en Mantenimiento', '8 años', 2, 12),
('Especialista en Calidad', '6 años', 3, 18),
('Piloto de Pruebas', '12 años', 4, 25),
('Gerente de Logística', '9 años', 5, 8),
('Diseñador de Componentes', '7 años', 6, 30),
('Documentalista Técnico', '5 años', 7, 21),
('Coordinador de Capacitación', '11 años', 8, 14),
('Supervisor de Producción', '10 años', 9, 33),
('Analista de Soporte Técnico', '6 años', 10, 27);

INSERT INTO turno (codigo_tur, dia_tur, hora_entrada_tur, hora_salida_tur) VALUES
(1, 'Lunes', '08:00', '16:00'),
(2, 'Martes', '09:00', '17:00'),
(3, 'Miércoles', '10:00', '18:00'),
(4, 'Jueves', '11:00', '19:00'),
(5, 'Viernes', '07:00', '15:00'),
(6, 'Sábado', '06:00', '14:00'),
(7, 'Domingo', '08:00', '16:00'),
(8, 'Lunes', '09:00', '17:00'),
(9, 'Martes', '10:00', '18:00'),
(10, 'Miércoles', '11:00', '19:00');

INSERT INTO equipo (codigo_equ, descripcion_equ, fk_labor, fk_zona, fk_zona2) VALUES
(1, 'Equipo de ensamblaje de fuselaje', 1, 4, 2),
(2, 'Equipo de mantenimiento de motores', 2, 6, 1),
(3, 'Equipo de inspección de calidad', 3, 3, 2),
(4, 'Equipo de pruebas de vuelo', 4, 15, 4),
(5, 'Equipo de control de inventario', 5, 9, 1),
(6, 'Equipo de diseño de componentes', 6, 7, 1),
(7, 'Equipo de documentación técnica', 7, 12, 3),
(8, 'Equipo de logística y transporte', 8, 2, 2),
(9, 'Equipo de capacitación de personal', 9, 17, 4),
(10, 'Equipo de soporte técnico', 10, 14, 3);

INSERT INTO equipo_empleado (lider_equipo_ep, fk_equipo, fk_empleado) VALUES
(TRUE, 1, 5),  
(FALSE, 1, 12),  
(FALSE, 2, 8),  
(TRUE, 2, 14),  
(TRUE, 3, 19),  
(FALSE, 3, 23),  
(TRUE, 4, 27),  
(FALSE, 4, 31),  
(TRUE, 5, 35),  
(FALSE, 5, 2); 

INSERT INTO equipo_empleado (lider_equipo_ep, fk_equipo, fk_empleado) VALUES
(FALSE, 6, 3),  
(TRUE, 6, 9),   
(FALSE, 7, 15),  
(TRUE, 7, 21),   
(FALSE, 8, 4),   
(TRUE, 8, 11),   
(FALSE, 9, 29),  
(TRUE, 9, 36),   
(FALSE, 10, 7),  
(TRUE, 10, 13);  

INSERT INTO asistencia (codigo_asi, fecha_asi, hora_entrada_asi, hora_salida_asi, fk_empleado) VALUES
(1, '2024-12-01', '08:00', '16:00', 5),
(2, '2024-12-02', '09:00', '17:00', 12),
(3, '2024-12-03', '10:00', '18:00', 13),
(4, '2024-12-04', '07:00', '15:00', 23),
(5, '2024-12-05', '06:00', '14:00', 9),
(6, '2024-12-06', '11:00', '19:00', 36),
(7, '2024-12-07', '08:00', '16:00', 7),
(8, '2024-12-08', '09:00', '17:00', 14),
(9, '2024-12-09', '10:00', '18:00', 35),
(10, '2024-12-10', '07:00', '15:00', 29);

INSERT INTO configuracion_avion (cantidad_pieza_ca, fk_tipo_pieza, fk_modelo_avion, fk_sede) VALUES
(2, 1, 2, 1),
(2, 2, 3, 1),
(2, 2, 4, 3),
(1, 3, 4, 4),
(1, 4, 5, 5),
(1, 4, 6, 2),
(1, 3, 7, 1),
(4, 2, 13, 3),
(2, 2, 2, 4),
(4, 2, 11, 5);

INSERT INTO caracteristica (codigo_car, nombre_car) VALUES
(11, 'Resistencia al calor'),
(12, 'Peso ligero'),
(13, 'Alta durabilidad'),
(14, 'Resistencia a la corrosión'),
(15, 'Bajo mantenimiento'),
(16, 'Alta precisión'),
(17, 'Flexibilidad'),
(18, 'Facilidad de ensamblaje'),
(19, 'Tamaño'),
(20, 'Reducción de ruido');

INSERT INTO caracteristica_pieza (valor_cp, unidad_medida_cp, fk_tipo_pieza, fk_caracteristica) VALUES
(150, 'Grados Celsius', 1, 1), 
(500, 'Gramos', 1, 2), 
(20, 'Años', 1, 3),  
(30, 'Años', 2, 4),  
(100, 'Horas', 3, 5),  
(5, 'Micrómetros', 11, 6),  
(45, 'Grados', 8, 7),  
(30, 'Minutos', 15, 8), 
(2, 'Pulgadas', 16, 9),  
(70, 'Decibeles', 2, 10);  

INSERT INTO configuracion_pieza (cantidad_materia_prima_cp, fk_tipo_materia_prima, fk_tipo_pieza, fk_sede) VALUES
(500, 2, 1, 2), 
(200, 9, 2, 1), 
(300, 1, 3, 5),  
(150, 4, 4, 3),  
(400, 2, 5, 5),   
(250, 9, 6, 2),   
(180, 8, 7, 2),   
(220, 9, 8, 2),   
(200, 9, 9, 2),   
(180, 9, 10, 2);  

INSERT INTO configuracion_pieza (cantidad_materia_prima_cp, fk_tipo_materia_prima, fk_tipo_pieza, fk_sede) VALUES
(120, 6, 13, 3),  
(80, 4, 14, 3),   
(200, 4, 15, 3),   
(50, 4, 16, 3),    
(300, 8, 17, 3),   
(250, 8, 18, 4),  
(220, 9, 19, 4),   
(180, 7, 20, 4),  
(200, 2, 10, 4),   
(500, 2, 11, 4);   

INSERT INTO venta (codigo_venta_ven, numero_factura_ven, fecha_hora_ven, monto_total_ven, impuesto_total_ven) VALUES
(1, 1001, '2024-02-01 10:00:00', 100500.75, 10050.08),
(2, 1002, '2024-04-02 11:30:00', 1001200.50, 100120.05),
(3, 1003, '2024-07-03 14:45:00', 100300.00, 10030.00),
(4, 1004, '2024-10-04 09:15:00', 100750.25, 10075.03),
(5, 1005, '2024-12-05 16:00:00', 1001500.00, 100150.00),
(6, 1006, '2023-11-06 13:20:00', 100850.60, 10085.06),
(7, 1007, '2023-08-07 08:45:00', 100400.10, 10040.01),
(8, 1008, '2023-05-08 17:00:00', 100950.90, 10095.09),
(9, 1009, '2023-02-09 12:30:00', 100670.40, 10067.04),
(10, 1010, '2023-01-10 15:00:00', 1001100.80, 100110.08);

INSERT INTO detalle_venta (cantidad_dv, precio_unitario_dv, fk_venta, codigo_dv, fk_persona) VALUES
(1, 100500.75, 1, 1, 45),
(1, 1001200.50, 2, 2, 18),
(1, 100300.00, 3, 3, 32),
(1, 100750.25, 4, 4, 27),
(2, 500750, 5, 5, 60),
(1, 100850.60, 6, 6, 3),
(1, 100400.10, 7, 7, 22),
(1, 100950.90, 8, 8, 14),
(1, 100670.40, 9, 9, 78),
(2, 500550, 10, 10, 35);

INSERT INTO pago_venta (codigo_pago_pv, fecha_pago_pv, fk_venta, fk_modo_pago) VALUES
(1, '2024-12-01', 1, 1),
(2, '2024-12-02', 2, 2),
(3, '2024-12-03', 3, 3),
(4, '2024-12-04', 4, 4),
(5, '2024-12-05', 5, 5),
(6, '2024-12-06', 6, 6),
(7, '2024-12-07', 7, 7),
(8, '2024-12-08', 8, 8),
(9, '2024-12-09', 9, 9),
(10, '2024-12-10', 10, 10);

INSERT INTO embalaje_plan (codigo_ep, duracion_estimada_ep) VALUES
(1, '1 día'),
(2, '2 días'),
(3, '3 días'),
(4, '1 día'),
(5, '2 días'),
(6, '3 días'),
(7, '1 día'),
(8, '2 días'),
(9, '3 días'),
(10, '1 día');

INSERT INTO embalaje_configuracion_avion (fk_embalaje_plan, fk_modelo_avion, fk_sede) VALUES
(1, 7, 1),
(2, 15, 4),
(3, 3, 2),
(4, 10, 5),
(5, 2, 3),
(6, 8, 2),
(7, 5, 1),
(8, 12, 4),
(9, 17, 3),
(10, 1, 5);

INSERT INTO embalaje_configuracion_pieza (fk_embalaje_plan, fk_tipo_pieza, fk_sede) VALUES
(1, 1, 2),
(2, 5, 4),
(3, 8, 3),
(4, 3, 1),
(5, 7, 5),
(6, 2, 4),
(7, 10, 1),
(8, 4, 2),
(9, 6, 3),
(10, 9, 5);

INSERT INTO embalaje_configuracion_materia (fk_embalaje_plan, fk_tipo_materia_prima, fk_sede) VALUES
(1, 2, 1),
(2, 4, 3),
(3, 6, 2),
(4, 8, 4),
(5, 1, 5),
(6, 3, 2),
(7, 5, 4),
(8, 7, 1),
(9, 9, 5),
(10, 10, 3);

INSERT INTO embalaje (codigo_emb, fecha_hora_inicio_emb, fecha_hora_fin_emb, fk_embalaje_plan, fk_pieza, fk_equipo_empleado, fk_equipo_empleado2, fk_lote_materia_prima, fk_avion) VALUES
(1, '2024-12-01 08:00:00', '2024-12-02 17:00:00', 1, 1, 1, 5, NULL, NULL), 
(2, '2024-12-03 09:00:00', '2024-12-04 18:00:00', 2, NULL, 2, 14, NULL, 2),  
(3, '2024-12-05 07:30:00', '2024-12-06 16:30:00', 3, 2, 1, 12, NULL, NULL),  
(4, '2024-12-07 08:15:00', '2024-12-08 17:15:00', 4, NULL, 3, 19, 3, NULL),  
(5, '2024-12-09 10:00:00', '2024-12-10 19:00:00', 5, 3, 1, 12, NULL, NULL), 
(6, '2024-12-11 06:45:00', '2024-12-12 15:45:00', 6, NULL, 2, 8, NULL, 6),  
(7, '2024-12-13 09:30:00', '2024-12-14 18:30:00', 7, 4, 4, 27, NULL, NULL), 
(8, '2024-12-15 08:00:00', '2024-12-16 17:00:00', 8, NULL, 5, 35, 5, NULL),  
(9, '2024-12-17 09:15:00', '2024-12-18 18:15:00', 9, 5, 1, 2, NULL, NULL),  
(10, '2024-12-19 07:45:00', '2024-12-20 16:45:00', 10, NULL, 4, 31, NULL, 10);  

INSERT INTO avion (codigo_avi, color_avi, fk_modelo_avion, fk_venta, fk_almacen, fk_almacen2, fk_ensamblaje, nombre_avi, matricula_avi) VALUES
(1, 'Blanco', 1, 1, 1, 1, 1, 'Sea Breeze', 'MAT001'),
(2, 'Azul', 2, 2, 2, 2, 2, 'Ocean Explorer', 'MAT002'),
(3, 'Rojo', 3, 3, 3, 3, 3, 'Wave Rider', 'MAT003'),
(4, 'Negro', 4, 4, 4, 4, 4, 'Wind Dancer', 'MAT004'),
(5, 'Verde', 5, 5, 5, 5, 5, 'Marina Star', 'MAT005'),
(6, 'Amarillo', 6, 6, 6, 1, 6, 'Harbor Queen', 'MAT006'),
(7, 'Plateado', 7, 7, 7, 2, 7, 'Bay Cruiser', 'MAT007'),
(8, 'Gris', 8, 8, 8, 3, 8, 'Coral King', 'MAT008'),
(9, 'Blanco con azul', 9, 9, 9, 4, 9, 'Sunset Voyager', 'MAT009'),
(10, 'Rojo con blanco', 10, 10, 10, 5, 10, 'Tidal Wave', 'MAT010');
