INSERT INTO LUGAR (codigo_lug, nombre_lug, tipo_lug, fk_lugar)
VALUES (0, 'Venezuela','pais',NULL);
INSERT INTO LUGAR (codigo_lug, nombre_lug, tipo_lug, fk_lugar)
VALUES
  (1, 'Amazonas', 'estado', 0),
  (2, 'Anzoátegui', 'estado', 0),
  (3, 'Apure', 'estado', 0),
  (4, 'Aragua', 'estado', 0),
  (5, 'Barinas', 'estado', 0),
  (6, 'Bolívar', 'estado', 0),
  (7, 'Carabobo', 'estado', 0),
  (8, 'Delta Amacuro', 'estado', 0),
  (9, 'Distrito Capital', 'estado', 0),
  (10, 'Falcón', 'estado', 0),
  (11, 'Guarico', 'estado', 0),
  (12, 'Lara', 'estado', 0),
  (13, 'Mérida', 'estado', 0),
  (14, 'Miranda', 'estado', 0),
  (15, 'Monagas', 'estado', 0),
  (16, 'Nueva Esparta', 'estado', 0),
  (17, 'Portuguesa', 'estado', 0),
  (18, 'Sucre', 'estado', 0),
  (19, 'Táchira', 'estado', 0),
  (20, 'Trujillo', 'estado', 0),
  (21, 'Yaracuy', 'estado', 0),
  (22, 'Zulia', 'estado', 0),
  (23, 'Cojedes', 'estado', 0),
  (24, 'La Guaira', 'estado', 0);

INSERT INTO LUGAR (codigo_lug, nombre_lug, tipo_lug, fk_lugar)
VALUES
  (25, 'Alto Orinoco', 'municipio', 1),
  (26, 'Atabapo', 'municipio', 1),
  (27, 'Atures', 'municipio', 1),
  (28, 'Autana', 'municipio', 1),
  (29, 'Manapiare', 'municipio', 1),
  (30, 'Maroa', 'municipio', 1),
  (31, 'Río Negro', 'municipio', 1);

INSERT INTO LUGAR (codigo_lug, nombre_lug, tipo_lug, fk_lugar)
VALUES
  (32, 'La Esmeralda', 'parroquia', 25),
  (33, 'Marawaka', 'parroquia', 25),
  (34, 'Mavaca', 'parroquia', 25),
  (35, 'Sierra parima', 'parroquia', 25),
  (36, 'Huachamacare', 'parroquia', 25);

INSERT INTO LUGAR (codigo_lug, nombre_lug, tipo_lug, fk_lugar)
VALUES
  (37, 'Anaco', 'municipio', 2),
  (38, 'Aragua de Barcelona', 'municipio', 2),
  (39, 'Benito Juárez', 'municipio', 2),
  (40, 'Carvajal', 'municipio', 2),
  (41, 'Diego Bautista Urbaneja', 'municipio', 2),
  (42, 'Freites', 'municipio', 2),
  (43, 'Guanipa', 'municipio', 2),
  (44, 'Independencia', 'municipio', 2),
  (45, 'Libertador', 'municipio', 2),
  (46, 'Manuel Ezequiel Bruzual', 'municipio', 2),
  (47, 'McGregor', 'municipio', 2),
  (48, 'Miranda', 'municipio', 2),
  (49, 'Monagas', 'municipio', 2),
  (50, 'Soledad', 'municipio', 2),
  (51, 'Sucre', 'municipio', 2),
  (52, 'Urbaneja', 'municipio', 2);

INSERT INTO LUGAR (codigo_lug, nombre_lug, tipo_lug, fk_lugar)
VALUES
  (53, 'Achaguas', 'municipio', 3),
  (54, 'Biruaca', 'municipio', 3),
  (55, 'Guasdualito', 'municipio', 3),
  (56, 'Manteca', 'municipio', 3),
  (57, 'Muñiz', 'municipio', 3),
  (58, 'Palmas', 'municipio', 3),
  (59, 'Pedro Zaraza', 'municipio', 3),
  (60, 'Romero Soublette', 'municipio', 3),
  (61, 'San Fernando', 'municipio', 3),
  (62, 'Santa Bárbara', 'municipio', 3);

INSERT INTO LUGAR (codigo_lug, nombre_lug, tipo_lug, fk_lugar)
VALUES
  (63, 'Bolívar', 'municipio', 4),
  (64, 'Camatagua', 'municipio', 4),
  (65, 'Francisco Linares Alcántara', 'municipio', 4),
  (66, 'Girardot', 'municipio', 4),
  (67, 'José Ángel Lamas', 'municipio', 4),
  (68, 'José Félix Ribas', 'municipio', 4),
  (69, 'José Rafael Revenga', 'municipio', 4),
  (70, 'Libertador', 'municipio', 4),
  (71, 'Mario Briceño Iragorry', 'municipio', 4),
  (72, 'Ocumare de la Costa de Oro', 'municipio', 4),
  (73, 'San Casimiro', 'municipio', 4),
  (74, 'San Sebastián', 'municipio', 4),
  (75, 'Santiago Mariño', 'municipio', 4),
  (76, 'Santos Michelena', 'municipio', 4),
  (77, 'Sucre', 'municipio', 4),
  (78, 'Tovar', 'municipio', 4),
  (79, 'Urdaneta', 'municipio', 4),
  (80, 'Zamora', 'municipio', 4);

INSERT INTO LUGAR (codigo_lug, nombre_lug, tipo_lug, fk_lugar)
VALUES
  (81, 'Alberto Arvelo Torrealba', 'municipio', 5),
  (82, 'Andrés Eloy Blanco', 'municipio', 5),
  (83, 'Antonio José de Sucre', 'municipio', 5),
  (84, 'Arismendi', 'municipio', 5),
  (85, 'Barinas', 'municipio', 5),
  (86, 'Bolívar', 'municipio', 5),
  (87, 'Cruz paredes', 'municipio', 5),
  (88, 'Ezequiel Zamora', 'municipio', 5),
  (89, 'Obispos', 'municipio', 5),
  (90, 'Pedraza', 'municipio', 5),
  (91, 'Rojas', 'municipio', 5),
  (92, 'Sosa', 'municipio', 5);

INSERT INTO LUGAR (codigo_lug, nombre_lug, tipo_lug, fk_lugar)
VALUES
  (93, 'Angostura', 'municipio', 6),
  (94, 'Angostura del Orinoco', 'municipio', 6),
  (95, 'Caroní', 'municipio', 6),
  (96, 'Cedeño', 'municipio', 6),
  (97, 'El Callao', 'municipio', 6),
  (98, 'Gran Sabana', 'municipio', 6),
  (99, 'Padre Pedro Chien', 'municipio', 6),
  (100, 'Piar', 'municipio', 6),
  (101, 'Roscio', 'municipio', 6),
  (102, 'Sifontes', 'municipio', 6),
  (103, 'Sucre', 'municipio', 6);

INSERT INTO LUGAR (codigo_lug, nombre_lug, tipo_lug, fk_lugar)
VALUES
  (104, 'Bejuma', 'municipio', 7),
  (105, 'Carlos Arvelo', 'municipio', 7),
  (106, 'Diego Ibarra', 'municipio', 7),
  (107, 'Guacara', 'municipio', 7),
  (108, 'Juan José Mora', 'municipio', 7),
  (109, 'Libertador', 'municipio', 7),
  (110, 'Los Guayos', 'municipio', 7),
  (111, 'Miranda', 'municipio', 7),
  (112, 'Montalbán', 'municipio', 7),
  (113, 'Naguanagua', 'municipio', 7),
  (114, 'Puerto Cabello', 'municipio', 7),
  (115, 'San Diego', 'municipio', 7),
  (116, 'San Joaquín', 'municipio', 7),
  (117, 'Valencia', 'municipio', 7);

INSERT INTO LUGAR (codigo_lug, nombre_lug, tipo_lug, fk_lugar)
VALUES
  (118, 'Antonio Díaz', 'municipio', 8),
  (119, 'Casacoima', 'municipio', 8),
  (120, 'Pedernales', 'municipio', 8),
  (121, 'Tucupita', 'municipio', 8);

INSERT INTO LUGAR (codigo_lug, nombre_lug, tipo_lug, fk_lugar)
VALUES
  (122, 'Libertador de Caracas', 'municipio', 9);

INSERT INTO LUGAR (codigo_lug, nombre_lug, tipo_lug, fk_lugar)
VALUES
  (123, 'Acosta', 'municipio', 10),
  (124, 'Bolívar', 'municipio', 10),
  (125, 'Buchivacoa', 'municipio', 10),
  (126, 'Carirubana', 'municipio', 10),
  (127, 'Colina', 'municipio', 10),
  (128, 'Dabajuro', 'municipio', 10),
  (129, 'Democracia', 'municipio', 10),
  (130, 'Falcón', 'municipio', 10),
  (131, 'Federación', 'municipio', 10),
  (132, 'Iturriza', 'municipio', 10),
  (133, 'Jacura', 'municipio', 10),
  (134, 'José Laurencio Silva', 'municipio', 10),
  (135, 'Los Taques', 'municipio', 10),
  (136, 'Manaure', 'municipio', 10),
  (137, 'Mauroa', 'municipio', 10),
  (138, 'Miranda', 'municipio', 10),
  (139, 'Palmasola', 'municipio', 10),
  (140, 'Petit', 'municipio', 10),
  (141, 'Píritu', 'municipio', 10),
  (142, 'San Francisco', 'municipio', 10),
  (143, 'Sucre', 'municipio', 10),
  (144, 'Tocópero', 'municipio', 10),
  (145, 'Unión', 'municipio', 10),
  (146, 'Urumaco', 'municipio', 10),
  (147, 'Zamora', 'municipio', 10);

INSERT INTO LUGAR (codigo_lug, nombre_lug, tipo_lug, fk_lugar)
VALUES
  (148, 'Camaguán', 'municipio', 11),
  (149, 'Chaguaramas', 'municipio', 11),
  (150, 'El Socorro', 'municipio', 11),
  (151, 'Francisco de Miranda', 'municipio', 11),
  (152, 'José Félix Ribas', 'municipio', 11),
  (153, 'José Tadeo Monagas', 'municipio', 11),
  (154, 'Juan Germán Roscio', 'municipio', 11),
  (155, 'Juan José Rondón', 'municipio', 11),
  (156, 'Julián Mellado', 'municipio', 11),
  (157, 'Leonardo Infante', 'municipio', 11),
  (158, 'Ortiz', 'municipio', 11),
  (159, 'Pedro Zaraza', 'municipio', 11),
  (160, 'San Jerónimo de Guayabal', 'municipio', 11),
  (161, 'San José de Guaribe', 'municipio', 11),
  (162, 'Santa María de Ipire', 'municipio', 11);

INSERT INTO LUGAR (codigo_lug, nombre_lug, tipo_lug, fk_lugar)
VALUES
  (163, 'Andrés Eloy Blanco', 'municipio', 12),
  (164, 'Crespo', 'municipio', 12),
  (165, 'Iribarren', 'municipio', 12),
  (166, 'Jiménez', 'municipio', 12),
  (167, 'Morán', 'municipio', 12),
  (168, 'Palavecino', 'municipio', 12),
  (169, 'Simón Planas', 'municipio', 12),
  (170, 'Torres', 'municipio', 12),
  (171, 'Urdaneta', 'municipio', 12);

INSERT INTO LUGAR (codigo_lug, nombre_lug, tipo_lug, fk_lugar)
VALUES
  (172, 'Alberto Adriani', 'municipio', 13),
  (173, 'Andrés Bello', 'municipio', 13),
  (174, 'Antonio Pinto Salinas', 'municipio', 13),
  (175, 'Aricagua', 'municipio', 13),
  (176, 'Arzobispo Chacon', 'municipio', 13),
  (177, 'Campo Elías', 'municipio', 13),
  (178, 'Caracciolo parra Olmedo', 'municipio', 13),
  (179, 'Cardenal Quintero', 'municipio', 13),
  (180, 'Guaraque', 'municipio', 13),
  (181, 'Julio Cesar Salas', 'municipio', 13),  -- Typo corrected: Salas to Salas
  (182, 'Justo Briceño', 'municipio', 13),
  (183, 'Libertador', 'municipio', 13),
  (184, 'Miranda', 'municipio', 13),
  (185, 'Obispo Ramos de Lora', 'municipio', 13),
  (186, 'Padre Noguera', 'municipio', 13),
  (187, 'Pueblo Llano', 'municipio', 13),
  (188, 'Rangel', 'municipio', 13),
  (189, 'Rivas Davila', 'municipio', 13),  -- Typo corrected: Davila to Dávila
  (190, 'Santos Marquina', 'municipio', 13),
  (191, 'Sucre', 'municipio', 13),
  (192, 'Tovar', 'municipio', 13),
  (193, 'Tulio Febres Cordero', 'municipio', 13),
  (194, 'Zea', 'municipio', 13);

INSERT INTO LUGAR (codigo_lug, nombre_lug, tipo_lug, fk_lugar)
VALUES
    (195, 'Acevedo', 'municipio', 14),
    (196, 'Andrés Bello', 'municipio', 14),
    (197, 'Baruta', 'municipio', 14),
    (198, 'Brión', 'municipio', 14),
    (199, 'Buroz', 'municipio', 14),
    (200, 'Carrizal', 'municipio', 14),
    (201, 'Chacao', 'municipio', 14),
    (202, 'Cristóbal Rojas', 'municipio', 14),
    (203, 'El Hatillo', 'municipio', 14),
    (204, 'Guaicaipuro', 'municipio', 14),
    (205, 'Independencia', 'municipio', 14),
    (206, 'Lander', 'municipio', 14),
    (207, 'Los Salias', 'municipio', 14),
    (208, 'Páez', 'municipio', 14),
    (209, 'Paz Castillo', 'municipio', 14),
    (210, 'Pedro Gual', 'municipio', 14),
    (211, 'Plaza', 'municipio', 14),
    (212, 'Simón Bolívar', 'municipio', 14),
    (213, 'Sucre', 'municipio', 14),
    (214, 'Urdaneta', 'municipio', 14),
    (215, 'Zamora', 'municipio', 14);

INSERT INTO LUGAR (codigo_lug, nombre_lug, tipo_lug, fk_lugar)
VALUES
    (216, 'Acosta', 'municipio', 15),
    (217, 'Aguasay', 'municipio', 15),
    (218, 'Bolívar', 'municipio', 15),
    (219, 'Caripe', 'municipio', 15),
    (220, 'Cedeño', 'municipio', 15),
    (221, 'Ezequiel Zamora', 'municipio', 15),
    (222, 'Libertador', 'municipio', 15),
    (223, 'Maturín', 'municipio', 15),
    (224, 'Piar', 'municipio', 15),
    (225, 'Punceres', 'municipio', 15),
    (226, 'Santa Bárbara', 'municipio', 15),
    (227, 'Sotillo', 'municipio', 15),
    (228, 'Uracoa', 'municipio', 15);

INSERT INTO LUGAR (codigo_lug, nombre_lug, tipo_lug, fk_lugar)
VALUES
  (229, 'Antolín del Campo', 'municipio', 16),
  (230, 'Antonio Díaz', 'municipio', 16),
  (231, 'Arismendi', 'municipio', 16),
  (232, 'García', 'municipio', 16),
  (233, 'Gómez', 'municipio', 16),
  (234, 'Maneiro', 'municipio', 16),
  (235, 'Marcano', 'municipio', 16),
  (236, 'Mariño', 'municipio', 16),
  (237, 'Península de Macanao', 'municipio', 16),
  (238, 'Tubores', 'municipio', 16),
  (239, 'Villalba', 'municipio', 16);

INSERT INTO LUGAR (codigo_lug, nombre_lug, tipo_lug, fk_lugar)
VALUES
  (240, 'Agua Blanca', 'municipio', 17),
  (241, 'Araure', 'municipio', 17),
  (242, 'estadoeller', 'municipio', 17),
  (243, 'Guanare', 'municipio', 17),
  (244, 'Guanarito', 'municipio', 17),
  (245, 'Monseñor José Vicente de Unda', 'municipio', 17),
  (246, 'Ospino', 'municipio', 17),
  (247, 'Páez', 'municipio', 17),
  (248, 'Papelón', 'municipio', 17),
  (249, 'San Genaro de Boconoíto', 'municipio', 17),
  (250, 'San Rafael de Onoto', 'municipio', 17),
  (251, 'Santa Rosalía', 'municipio', 17),
  (252, 'Sucre', 'municipio', 17),
  (253, 'Turén', 'municipio', 17);

INSERT INTO LUGAR (codigo_lug, nombre_lug, tipo_lug, fk_lugar)
VALUES
  (254, 'Andrés Eloy Blanco', 'municipio', 18),
  (255, 'Andrés Mata', 'municipio', 18),
  (256, 'Arismendi', 'municipio', 18),
  (257, 'Benítez', 'municipio', 18),
  (258, 'Bermúdez', 'municipio', 18),
  (259, 'Bolívar', 'municipio', 18),
  (260, 'Cajigal', 'municipio', 18),
  (261, 'Cruz Salmerón Acosta', 'municipio', 18),
  (262, 'Libertador', 'municipio', 18),
  (263, 'Mariño', 'municipio', 18),
  (264, 'Mejía', 'municipio', 18),
  (265, 'Montes', 'municipio', 18),
  (266, 'Ribero', 'municipio', 18),
  (267, 'Sucre', 'municipio', 18),
  (268, 'Valdez', 'municipio', 18);

INSERT INTO LUGAR (codigo_lug, nombre_lug, tipo_lug, fk_lugar)
VALUES
  (269, 'Andrés Bello', 'municipio', 19),
  (270, 'Antonio Rómulo Costa', 'municipio', 19),
  (271, 'Ayacucho', 'municipio', 19),
  (272, 'Bolívar', 'municipio', 19),
  (273, 'Cárdenas', 'municipio', 19),
  (274, 'Córdoba', 'municipio', 19),
  (275, 'Fernández Feo', 'municipio', 19),
  (276, 'Francisco de Miranda', 'municipio', 19),
  (277, 'García de Hevia', 'municipio', 19),
  (278, 'Guásimos', 'municipio', 19),
  (279, 'Independencia', 'municipio', 19),
  (280, 'Jáuregui', 'municipio', 19),
  (281, 'José María Vargas', 'municipio', 19),
  (282, 'Junín', 'municipio', 19),
  (283, 'Libertad', 'municipio', 19),
  (284, 'Libertador', 'municipio', 19),
  (285, 'Lobatera', 'municipio', 19),
  (286, 'Michelena', 'municipio', 19),
  (287, 'Panamericano', 'municipio', 19),
  (288, 'Pedro María Ureña', 'municipio', 19),
  (289, 'Rafael Urdaneta', 'municipio', 19),
  (290, 'Samuel Darío Maldonado', 'municipio', 19),
  (291, 'San Cristóbal', 'municipio', 19),
  (292, 'San Judas Tadeo', 'municipio', 19),
  (293, 'Seboruco', 'municipio', 19),
  (294, 'Simón Rodríguez', 'municipio', 19),
  (295, 'Sucre', 'municipio', 19),
  (296, 'Torbes', 'municipio', 19),
  (297, 'Uribante', 'municipio', 19);

INSERT INTO LUGAR (codigo_lug, nombre_lug, tipo_lug, fk_lugar)
VALUES
  (298, 'Andrés Bello', 'municipio', 20),
  (299, 'Boconó', 'municipio', 20),
  (300, 'Bolívar', 'municipio', 20),
  (301, 'Candelaria', 'municipio', 20),
  (302, 'Carache', 'municipio', 20),
  (303, 'Escuque', 'municipio', 20),
  (304, 'José Felipe Márquez Cañizales', 'municipio', 20),
  (305, 'Juan Vicente Campos Elías', 'municipio', 20),
  (306, 'La Ceiba', 'municipio', 20),
  (307, 'Miranda', 'municipio', 20),
  (308, 'Monte Carmelo', 'municipio', 20),
  (309, 'Motatán', 'municipio', 20),
  (310, 'Pampán', 'municipio', 20),
  (311, 'Pampanito', 'municipio', 20),
  (312, 'Rafael Rangel', 'municipio', 20),
  (313, 'San Rafael de Carvajal', 'municipio', 20),
  (314, 'Sucre', 'municipio', 20),
  (315, 'Trujillo', 'municipio', 20),
  (316, 'Urdaneta', 'municipio', 20),
  (317, 'Valera', 'municipio', 20);

INSERT INTO LUGAR (codigo_lug, nombre_lug, tipo_lug, fk_lugar)
VALUES
  (318, 'Arístides Bastidas', 'municipio', 21),
  (319, 'Bolívar', 'municipio', 21),
  (320, 'Bruzual', 'municipio', 21),
  (321, 'Cocorote', 'municipio', 21),
  (322, 'Independencia', 'municipio', 21),
  (323, 'José Antonio Páez', 'municipio', 21),
  (324, 'La Trinidad', 'municipio', 21),
  (325, 'Manuel Monge', 'municipio', 21),
  (326, 'Nirgua', 'municipio', 21),
  (327, 'Peña', 'municipio', 21),
  (328, 'San Felipe', 'municipio', 21),
  (329, 'Sucre', 'municipio', 21),
  (330, 'Urachiche', 'municipio', 21),
  (331, 'Veroes', 'municipio', 21);

INSERT INTO LUGAR (codigo_lug, nombre_lug, tipo_lug, fk_lugar)
VALUES
  (332, 'Almirante Padilla', 'municipio', 22),
  (333, 'Baralt', 'municipio', 22),
  (334, 'Cabimas', 'municipio', 22),
  (335, 'Catatumbo', 'municipio', 22),
  (336, 'Colón', 'municipio', 22),
  (337, 'Francisco Javier Pulgar', 'municipio', 22),
  (338, 'Guajira', 'municipio', 22),
  (339, 'Jesús Enrique Lossada', 'municipio', 22),
  (340, 'Jesús María Semprúm', 'municipio', 22),
  (341, 'La Cañada de Urdaneta', 'municipio', 22),
  (342, 'Lagunillas', 'municipio', 22),
  (343, 'Machiques de Perijá', 'municipio', 22),
  (344, 'Mara', 'municipio', 22),
  (345, 'Maracaibo', 'municipio', 22),
  (346, 'Miranda', 'municipio', 22),
  (347, 'Rosario de Perijá', 'municipio', 22),
  (348, 'San Francisco', 'municipio', 22),
  (349, 'Santa Rita', 'municipio', 22),
  (350, 'Simón Bolívar', 'municipio', 22),
  (351, 'Sucre', 'municipio', 22),
  (352, 'Valmore Rodríguez', 'municipio', 22);

INSERT INTO LUGAR (codigo_lug, nombre_lug, tipo_lug, fk_lugar)
VALUES
  (353, 'Anzoategui', 'municipio', 23),
  (354, 'Ezequiel Zamora', 'municipio', 23),
  (355, 'Girardot', 'municipio', 23),
  (356, 'Lima Blanco', 'municipio', 23),
  (357, 'Pao de San Juan Bautista', 'municipio', 23),
  (358, 'Ricaurte', 'municipio', 23),
  (359, 'Rómulo Gallegos', 'municipio', 23),
  (360, 'Tinaco', 'municipio', 23),
  (361, 'Tinaquillo', 'municipio', 23);

INSERT INTO LUGAR (codigo_lug, nombre_lug, tipo_lug, fk_lugar)
VALUES
(362, 'Vargas', 'municipio', 24);

INSERT INTO LUGAR (codigo_lug, nombre_lug, tipo_lug, fk_lugar)
VALUES
(363, 'Unare', 'parroquia', 95),
(364, 'Universidad', 'parroquia', 95),
(365, 'Cachamay', 'parroquia', 95),
(366, 'Dalla Costa', 'parroquia', 95),
(367, 'Simón Bolívar', 'parroquia', 95),
(368, 'Vista al Sol', 'parroquia', 95),
(369, 'Chirica', 'parroquia', 95),
(370, 'Once de Abril', 'parroquia', 95),
(371, 'Yocoima', 'parroquia', 95),
(372, 'Pozo Verde', 'parroquia', 95),
(373, '5 de Julio', 'parroquia', 95);

INSERT INTO LUGAR (codigo_lug, nombre_lug, tipo_lug, fk_lugar)
VALUES (374, 'El Callao', 'parroquia', 97);

INSERT INTO LUGAR (codigo_lug, nombre_lug, tipo_lug, fk_lugar)
VALUES
  (375, 'Fernando Girón Tovar', 'parroquia', 27),
  (376, 'Luis Alberto Gómez', 'parroquia', 27),
  (377, 'Platanillal', 'parroquia', 27),
  (378, 'Limón de parhueña', 'parroquia', 27);

INSERT INTO LUGAR (codigo_lug, nombre_lug, tipo_lug, fk_lugar)
VALUES
  (379, 'Bergantín', 'parroquia', 45),
  (380, 'Caigua', 'parroquia', 45),
  (381, 'El Carmen', 'parroquia', 45),
  (382, 'El Pilar', 'parroquia', 45),
  (383, 'Naricual', 'parroquia', 45),
  (384, 'San Cristóbal', 'parroquia', 45);

INSERT INTO LUGAR (codigo_lug, nombre_lug, tipo_lug, fk_lugar)
VALUES
  (385, 'San Fernando', 'parroquia', 61),  -- Se cambia 'parroquia' a 'parroquia'
  (386, 'El Recreo', 'parroquia', 61),
  (387, 'Peñalver', 'parroquia', 61),
  (388, 'San Rafael de Atamaica', 'parroquia', 61);

INSERT INTO LUGAR (codigo_lug, nombre_lug, tipo_lug, fk_lugar)
VALUES
  (389, 'Cagua', 'parroquia', 77),
  (390, 'Bella Vista', 'parroquia', 77);

INSERT INTO LUGAR (codigo_lug, nombre_lug, tipo_lug, fk_lugar)
VALUES
  (391, 'Arismendi', 'parroquia', 84),
  (392, 'Guadarrama', 'parroquia', 84),
  (393, 'La Unión', 'parroquia', 84),
  (394, 'San Antonio', 'parroquia', 84);

INSERT INTO LUGAR (codigo_lug, nombre_lug, tipo_lug, fk_lugar)
VALUES
  (395, 'San Diego', 'parroquia', 115),
  (396, 'Jefe Jose Silva', 'parroquia', 360);

INSERT INTO LUGAR (codigo_lug, nombre_lug, tipo_lug, fk_lugar)
VALUES
  (397, 'Monseñor Argimiro García', 'parroquia', 121),
  (398, 'José Vidal Marcano', 'parroquia', 121),
  (399, 'Juan Millán', 'parroquia', 121),
  (400, 'Leonardo Ruiz Pineda', 'parroquia', 121),
  (401, 'Mariscal Antonio José de Sucre', 'parroquia', 121),
  (402, 'San José', 'parroquia', 121),
  (403, 'San Rafael', 'parroquia', 121),
  (404, 'Virgen del Valle', 'parroquia', 121);

INSERT INTO LUGAR (codigo_lug, nombre_lug, tipo_lug, fk_lugar)
VALUES
  (405, '23 de Enero', 'parroquia', 122),
  (406, 'Altagracia', 'parroquia', 122),
  (407, 'Antímano', 'parroquia', 122),
  (408, 'Caricuao', 'parroquia', 122),
  (409, 'Catedral', 'parroquia', 122),
  (410, 'Coche', 'parroquia', 122),
  (411, 'El Junquito', 'parroquia', 122),
  (412, 'El paraíso', 'parroquia', 122),
  (413, 'El Recreo', 'parroquia', 122),
  (414, 'El Valle', 'parroquia', 122),
  (415, 'Candelaria', 'parroquia', 122),
  (416, 'La Pastora', 'parroquia', 122),
  (417, 'La Vega', 'parroquia', 122),
  (418, 'Macarao', 'parroquia', 122),
  (419, 'San Agustín', 'parroquia', 122),
  (420, 'San Bernardino', 'parroquia', 122),
  (421, 'San José', 'parroquia', 122),
  (422, 'San Juan', 'parroquia', 122),
  (423, 'San Pedro', 'parroquia', 122),
  (424, 'Santa Rosalía', 'parroquia', 122),
  (425, 'Santa Teresa', 'parroquia', 122),
  (426, 'Sucre', 'parroquia', 122);

INSERT INTO LUGAR (codigo_lug, nombre_lug, tipo_lug, fk_lugar)
VALUES
  (427, 'Guzmán Guillermo', 'parroquia', 138),
  (428, 'Mitare', 'parroquia', 138),
  (429, 'Río Seco', 'parroquia', 138),
  (430, 'Sabaneta', 'parroquia', 138),
  (431, 'San Antonio', 'parroquia', 138),
  (432, 'San Gabriel', 'parroquia', 138),
  (433, 'Santa Ana', 'parroquia', 138),
  (434, 'San Juan', 'parroquia', 154),
  (435, 'Cantagallo', 'parroquia', 154),
  (436, 'parapara', 'parroquia', 154),
  (437, 'La Concepción', 'parroquia', 165),
  (438, 'Catedral', 'parroquia', 165),
  (439, 'Santa Rosa', 'parroquia', 165),
  (440, 'Ana Soto', 'parroquia', 165),
  (441, 'Unión', 'parroquia', 165),
  (442, 'Tamaca', 'parroquia', 165),
  (443, 'El Cuji', 'parroquia', 165),
  (444, 'Aguedo F. Alvarado', 'parroquia', 165),
  (445, 'Juares', 'parroquia', 165),
  (446, 'Buena Vista', 'parroquia', 165);

INSERT INTO LUGAR (codigo_lug, nombre_lug, tipo_lug, fk_lugar)
VALUES
  (447, 'Matriz', 'parroquia', 177),
  (448, 'Montalbán', 'parroquia', 177),
  (449, 'Fernández Peña', 'parroquia', 177),
  (450, 'Acequias', 'parroquia', 177),
  (451, 'Jají', 'parroquia', 177),
  (452, 'La Mesa', 'parroquia', 177),
  (453, 'San José del Sur', 'parroquia', 177),
  (454, 'El Cartanal', 'parroquia', 205),
  (455, 'Santa Teresa del Tuy', 'parroquia', 205),
  (456, 'Alto de Los Godos', 'parroquia', 223),
  (457, 'Boquerón', 'parroquia', 223),
  (458, 'El Corozo', 'parroquia', 223),
  (459, 'El Furrial', 'parroquia', 223),
  (460, 'Jusepín', 'parroquia', 223),
  (461, 'Las Cocuizas', 'parroquia', 223),
  (462, 'La Pica', 'parroquia', 223),
  (463, 'Santa Cruz', 'parroquia', 223),
  (464, 'San Simón', 'parroquia', 223),
  (465, 'San Vicente', 'parroquia', 223);

INSERT INTO LUGAR (codigo_lug, nombre_lug, tipo_lug, fk_lugar)
VALUES
  (466, 'Adrián', 'parroquia', 235),
  (467, 'Juan Griego', 'parroquia', 235),
  (468, 'Marcano', 'parroquia', 235);

INSERT INTO LUGAR (codigo_lug, nombre_lug, tipo_lug, fk_lugar)
VALUES
  (469, 'Guanare', 'parroquia', 243),
  (470, 'Córdoba', 'parroquia', 243),
  (471, 'San José de la Montaña', 'parroquia', 243),
  (472, 'San Juan de Guanaguanare', 'parroquia', 243),
  (473, 'La Virgen de Coromoto', 'parroquia', 243);

INSERT INTO LUGAR (codigo_lug, nombre_lug, tipo_lug, fk_lugar)
VALUES
  (474, 'Valentín Valiente', 'parroquia', 267),
  (475, 'Altagracia', 'parroquia', 267),
  (476, 'Santa Inés', 'parroquia', 267),
  (477, 'San Juan', 'parroquia', 267),
  (478, 'Ayacucho', 'parroquia', 267),
  (479, 'Gran Mariscal', 'parroquia', 267),
  (480, 'Raúl Leoni', 'parroquia', 267);

INSERT INTO sede (codigo_sed, nombre_sed, direccion_sed, fk_lugar, central_sed) VALUES 
(1, 'Sede Central Caracas', 'Av. Bolívar, Caracas', 122, TRUE),
(2, 'Sede Maracaibo', 'Calle 1, Maracaibo', 345, FALSE),
(3, 'Sede Valencia', 'Calle 2, Valencia', 117, FALSE),
(4, 'Sede Barquisimeto', 'Calle 3, Barquisimeto', 165, FALSE),
(5, 'Sede San Cristóbal', 'Calle 4, San Cristóbal', 291, FALSE),
(6, 'Sede Puerto Ordaz', 'Av. Atlántico, Puerto Ordaz', 95, FALSE),
(7, 'Sede Maturín', 'Calle 5, Maturín', 223, FALSE),
(8, 'Sede Ciudad Bolívar', 'Av. Libertador, Ciudad Bolívar', 94, FALSE),
(9, 'Sede Maracay', 'Av. Bolívar, Maracay', 66, FALSE),
(10, 'Sede Cumaná', 'Calle 6, Cumaná', 267, FALSE);

INSERT INTO almacen (codigo_alm, tamaño_alm, fk_sede) VALUES 
(1, 'Grande - Capacidad: 1000 m²', 1),
(2, 'Mediano - Capacidad: 500 m²', 2),
(3, 'Pequeño - Capacidad: 200 m²', 3),
(4, 'Grande - Capacidad: 950 m²', 4),
(5, 'Mediano - Capacidad: 450 m²', 5),
(6, 'Pequeño - Capacidad: 250 m²', 6),
(7, 'Grande - Capacidad: 1200 m²', 7),
(8, 'Mediano - Capacidad: 600 m²', 8),
(9, 'Pequeño - Capacidad: 300 m²', 9),
(10, 'Grande - Capacidad: 1100 m²', 10);


INSERT INTO zona (codigo_zon, nombre_zon, descripcion_zon, fk_sede) VALUES (1, 'Zona Norte', 'Pruebas de aviones', 1);
INSERT INTO zona (codigo_zon, nombre_zon, descripcion_zon, fk_sede) VALUES (2, 'Zona Sur', 'Ensamblaje de piezas', 1);
INSERT INTO zona (codigo_zon, nombre_zon, descripcion_zon, fk_sede) VALUES (3, 'Zona estadoe', 'Embalaje', 1);


INSERT INTO zona (codigo_zon, nombre_zon, descripcion_zon, fk_sede) VALUES (4, 'Zona Norte', 'Pruebas de aviones', 2);
INSERT INTO zona (codigo_zon, nombre_zon, descripcion_zon, fk_sede) VALUES (5, 'Zona Sur', 'Ensamblaje de piezas', 2);
INSERT INTO zona (codigo_zon, nombre_zon, descripcion_zon, fk_sede) VALUES (6, 'Zona Oestadoe', 'Embalaje', 2);


INSERT INTO zona (codigo_zon, nombre_zon, descripcion_zon, fk_sede) VALUES (7, 'Zona Norte', 'Pruebas de aviones', 3);
INSERT INTO zona (codigo_zon, nombre_zon, descripcion_zon, fk_sede) VALUES (8, 'Zona Sur', 'Ensamblaje de piezas', 3);
INSERT INTO zona (codigo_zon, nombre_zon, descripcion_zon, fk_sede) VALUES (9, 'Zona Centro', 'Embalaje', 3);


INSERT INTO zona (codigo_zon, nombre_zon, descripcion_zon, fk_sede) VALUES (10, 'Zona Norte', 'Pruebas de aviones', 4);
INSERT INTO zona (codigo_zon, nombre_zon, descripcion_zon, fk_sede) VALUES (11, 'Zona Sur', 'Ensamblaje de piezas', 4);
INSERT INTO zona (codigo_zon, nombre_zon, descripcion_zon, fk_sede) VALUES (12, 'Zona estadoe', 'Embalaje', 4);


INSERT INTO zona (codigo_zon, nombre_zon, descripcion_zon, fk_sede) VALUES (13, 'Zona Norte', 'Pruebas de aviones', 5);
INSERT INTO zona (codigo_zon, nombre_zon, descripcion_zon, fk_sede) VALUES (14, 'Zona Sur', 'Ensamblaje de piezas', 5);
INSERT INTO zona (codigo_zon, nombre_zon, descripcion_zon, fk_sede) VALUES (15, 'Zona Oestadoe', 'Embalaje', 5);


INSERT INTO zona (codigo_zon, nombre_zon, descripcion_zon, fk_sede) VALUES (16, 'Zona Norte', 'Pruebas de aviones', 6);
INSERT INTO zona (codigo_zon, nombre_zon, descripcion_zon, fk_sede) VALUES (17, 'Zona Sur', 'Ensamblaje de piezas', 6);
INSERT INTO zona (codigo_zon, nombre_zon, descripcion_zon, fk_sede) VALUES (18, 'Zona estadoe', 'Embalaje', 6);


INSERT INTO zona (codigo_zon, nombre_zon, descripcion_zon, fk_sede) VALUES (19, 'Zona Norte', 'Pruebas de aviones', 7);
INSERT INTO zona (codigo_zon, nombre_zon, descripcion_zon, fk_sede) VALUES (20, 'Zona Sur', 'Ensamblaje de piezas', 7);
INSERT INTO zona (codigo_zon, nombre_zon, descripcion_zon, fk_sede) VALUES (21, 'Zona Oestadoe', 'Embalaje', 7);


INSERT INTO zona (codigo_zon, nombre_zon, descripcion_zon, fk_sede) VALUES (22, 'Zona Norte', 'Pruebas de aviones', 8);
INSERT INTO zona (codigo_zon, nombre_zon, descripcion_zon, fk_sede) VALUES (23, 'Zona Sur', 'Ensamblaje de piezas', 8);
INSERT INTO zona (codigo_zon, nombre_zon, descripcion_zon, fk_sede) VALUES (24, 'Zona estadoe', 'Embalaje', 8);


INSERT INTO zona (codigo_zon, nombre_zon, descripcion_zon, fk_sede) VALUES (25, 'Zona Norte', 'Pruebas de aviones', 9);
INSERT INTO zona (codigo_zon, nombre_zon, descripcion_zon, fk_sede) VALUES (26, 'Zona Sur', 'Ensamblaje de piezas', 9);
INSERT INTO zona (codigo_zon, nombre_zon, descripcion_zon, fk_sede) VALUES (27, 'Zona Oestadoe', 'Embalaje', 9);


INSERT INTO zona (codigo_zon, nombre_zon, descripcion_zon, fk_sede) VALUES (28, 'Zona Norte', 'Pruebas de aviones', 10);
INSERT INTO zona (codigo_zon, nombre_zon, descripcion_zon, fk_sede) VALUES (29, 'Zona Sur', 'Ensamblaje de piezas', 10);
INSERT INTO zona (codigo_zon, nombre_zon, descripcion_zon, fk_sede) VALUES (30, 'Zona Centro', 'Embalaje', 10);


INSERT INTO modo_pago (codigo_mp, tipo_mp, numero_cheque_che, banco_che, fecha_emision_che, beneficiario_che, numero_tarjeta_tar, banco_tar, cvv_tar, fecha_vencimiento_tar, nombre_tar, fecha_emision_tar, numero_transferencia_tran, fecha_emision_tran, numero_cuenta_tran, denominacion_efe) VALUES 
(1, 'cheque', 12345678, 'Banco de Venezuela', '2024-01-01', 'Juan Pérez', NULL, NULL, NULL, NULL, NULL, NULL, NULL, NULL, NULL, NULL);


INSERT INTO modo_pago (codigo_mp, tipo_mp, numero_cheque_che, banco_che, fecha_emision_che, beneficiario_che, numero_tarjeta_tar, banco_tar, cvv_tar, fecha_vencimiento_tar, nombre_tar, fecha_emision_tar, numero_transferencia_tran, fecha_emision_tran, numero_cuenta_tran, denominacion_efe) VALUES 
(2, 'transferencia', NULL, NULL, NULL, NULL, NULL, NULL, NULL, NULL, NULL, NULL, 11223344, '2024-01-02', 99887766, NULL);


INSERT INTO modo_pago (codigo_mp, tipo_mp, numero_cheque_che, banco_che, fecha_emision_che, beneficiario_che, numero_tarjeta_tar, banco_tar, cvv_tar, fecha_vencimiento_tar, nombre_tar, fecha_emision_tar, numero_transferencia_tran, fecha_emision_tran, numero_cuenta_tran, denominacion_efe) VALUES 
(3, 'tarjeta', NULL, NULL, NULL, NULL, 56789012, 'Banco Provincial', 123, '2024-12-31', 'Carlos Méndez', '2024-01-03', NULL, NULL, NULL, NULL);


INSERT INTO modo_pago (codigo_mp, tipo_mp, numero_cheque_che, banco_che, fecha_emision_che, beneficiario_che, numero_tarjeta_tar, banco_tar, cvv_tar, fecha_vencimiento_tar, nombre_tar, fecha_emision_tar, numero_transferencia_tran, fecha_emision_tran, numero_cuenta_tran, denominacion_efe) VALUES 
(4, 'efectivo', NULL, NULL, NULL, NULL, NULL, NULL, NULL, NULL, NULL, NULL, NULL, NULL, NULL, 'Bolívares');


INSERT INTO modo_pago (codigo_mp, tipo_mp, numero_cheque_che, banco_che, fecha_emision_che, beneficiario_che, numero_tarjeta_tar, banco_tar, cvv_tar, fecha_vencimiento_tar, nombre_tar, fecha_emision_tar, numero_transferencia_tran, fecha_emision_tran, numero_cuenta_tran, denominacion_efe) VALUES 
(5, 'cheque', 87654321, 'Banco Mercantil', '2024-01-04', 'Ana García', NULL, NULL, NULL, NULL, NULL, NULL, NULL, NULL, NULL, NULL);


INSERT INTO modo_pago (codigo_mp, tipo_mp, numero_cheque_che, banco_che, fecha_emision_che, beneficiario_che, numero_tarjeta_tar, banco_tar, cvv_tar, fecha_vencimiento_tar, nombre_tar, fecha_emision_tar, numero_transferencia_tran, fecha_emision_tran, numero_cuenta_tran, denominacion_efe) VALUES 
(6, 'transferencia', NULL, NULL, NULL, NULL, NULL, NULL, NULL, NULL, NULL, NULL, 55667788, '2024-01-05', 22334455, NULL);


INSERT INTO modo_pago (codigo_mp, tipo_mp, numero_cheque_che, banco_che, fecha_emision_che, beneficiario_che, numero_tarjeta_tar, banco_tar, cvv_tar, fecha_vencimiento_tar, nombre_tar, fecha_emision_tar, numero_transferencia_tran, fecha_emision_tran, numero_cuenta_tran, denominacion_efe) VALUES 
(7, 'tarjeta', NULL, NULL, NULL, NULL, 23456789, 'Banco Bicentenario', 456, '2024-11-30', 'Laura Pérez', '2024-01-06', NULL, NULL, NULL, NULL);


INSERT INTO modo_pago (codigo_mp, tipo_mp, numero_cheque_che, banco_che, fecha_emision_che, beneficiario_che, numero_tarjeta_tar, banco_tar, cvv_tar, fecha_vencimiento_tar, nombre_tar, fecha_emision_tar, numero_transferencia_tran, fecha_emision_tran, numero_cuenta_tran, denominacion_efe) VALUES 
(8, 'efectivo', NULL, NULL, NULL, NULL, NULL, NULL, NULL, NULL, NULL, NULL, NULL, NULL, NULL, 'Dólares');


INSERT INTO modo_pago (codigo_mp, tipo_mp, numero_cheque_che, banco_che, fecha_emision_che, beneficiario_che, numero_tarjeta_tar, banco_tar, cvv_tar, fecha_vencimiento_tar, nombre_tar, fecha_emision_tar, numero_transferencia_tran, fecha_emision_tran, numero_cuenta_tran, denominacion_efe) VALUES 
(9, 'cheque', 34567890, 'Banco Plaza', '2024-01-07', 'Diego Ramírez', NULL, NULL, NULL, NULL, NULL, NULL, NULL, NULL, NULL, NULL);


INSERT INTO modo_pago (codigo_mp, tipo_mp, numero_cheque_che, banco_che, fecha_emision_che, beneficiario_che, numero_tarjeta_tar, banco_tar, cvv_tar, fecha_vencimiento_tar, nombre_tar, fecha_emision_tar, numero_transferencia_tran, fecha_emision_tran, numero_cuenta_tran, denominacion_efe) VALUES 
(10, 'transferencia', NULL, NULL, NULL, NULL, NULL, NULL, NULL, NULL, NULL, NULL, 99887766, '2024-01-08', 44556677, NULL);

INSERT INTO usuario (codigo_usu, nombre_usu)
VALUES (1000, 'Juan Pérez');

INSERT INTO usuario (codigo_usu, nombre_usu)
VALUES (1001, 'María García');

INSERT INTO usuario (codigo_usu, nombre_usu)
VALUES (1002, 'Pedro Martínez');

INSERT INTO usuario (codigo_usu, nombre_usu)
VALUES (1003, 'Ana Rodríguez');

INSERT INTO usuario (codigo_usu, nombre_usu)
VALUES (1004, 'Luis Fernández');

INSERT INTO usuario (codigo_usu, nombre_usu)
VALUES (1005, 'Sofía López');

INSERT INTO usuario (codigo_usu, nombre_usu)
VALUES (1006, 'Carlos Gómez');

INSERT INTO usuario (codigo_usu, nombre_usu)
VALUES (1007, 'Laura Hernández');

INSERT INTO usuario (codigo_usu, nombre_usu)
VALUES (1008, 'Miguel Ramírez');

INSERT INTO usuario (codigo_usu, nombre_usu)
VALUES (1009, 'Isabel Torres');

INSERT INTO usuario (codigo_usu, nombre_usu)
VALUES (1010, 'Jorge Mendoza');

INSERT INTO usuario (codigo_usu, nombre_usu)
VALUES (1011, 'Lucía Romero');

INSERT INTO usuario (codigo_usu, nombre_usu)
VALUES (1012, 'Andrés Castro');

INSERT INTO usuario (codigo_usu, nombre_usu)
VALUES (1013, 'Paula Suárez');

INSERT INTO usuario (codigo_usu, nombre_usu)
VALUES (1014, 'Diego Silva');

INSERT INTO usuario (codigo_usu, nombre_usu)
VALUES (1015, 'Elena Vargas');

INSERT INTO usuario (codigo_usu, nombre_usu)
VALUES (1016, 'Ricardo Flores');

INSERT INTO usuario (codigo_usu, nombre_usu)
VALUES (1017, 'Valeria León');

INSERT INTO usuario (codigo_usu, nombre_usu)
VALUES (1018, 'Santiago Rojas');

INSERT INTO usuario (codigo_usu, nombre_usu)
VALUES (1019, 'Carolina Méndez');

INSERT INTO usuario(codigo_usu,nombre_usu) 
VALUES (1020, 'Diego Castillos');

INSERT INTO comercial (codigo_com, direccion_com, monto_acreditado_com, fecha_inicio_operacion_com, tipo_com, nacionalidad_com, fk_lugar, fk_usuario, tipo_comercial_com, rif_jur, denominacion_comercial_jur, razon_social_jur, pagina_web_jur)
VALUES (1, 'Av. Principal 123', 1000000, '2023-01-01', 'proveedor', 'Venezolana', 101, 1001, 'juridico', 'J-12345678-1', 'Empresa ABC', 'ABC C.A.', 'www.empresaabc.com');

INSERT INTO comercial (codigo_com, direccion_com, monto_acreditado_com, fecha_inicio_operacion_com, tipo_com, nacionalidad_com, fk_lugar, fk_usuario, tipo_comercial_com, rif_jur, denominacion_comercial_jur, razon_social_jur, pagina_web_jur)
VALUES (2, 'Calle Secundaria 456', 1500000, '2023-02-01', 'proveedor', 'Venezolana', 102, 1002, 'juridico', 'J-87654321-2', 'Empresa XYZ', 'XYZ S.A.', 'www.empresaxyz.com');

INSERT INTO comercial (codigo_com, direccion_com, monto_acreditado_com, fecha_inicio_operacion_com, tipo_com, nacionalidad_com, fk_lugar, fk_usuario, tipo_comercial_com, rif_jur, denominacion_comercial_jur, razon_social_jur, pagina_web_jur)
VALUES (3, 'Av. Tercera 789', 1200000, '2023-03-01', 'proveedor', 'Venezolana', 103, 1003, 'juridico', 'J-11223344-3', 'Comercial 123', '123 S.A.', 'www.comercial123.com');

INSERT INTO comercial (codigo_com, direccion_com, monto_acreditado_com, fecha_inicio_operacion_com, tipo_com, nacionalidad_com, fk_lugar, fk_usuario, tipo_comercial_com, rif_jur, denominacion_comercial_jur, razon_social_jur, pagina_web_jur)
VALUES (4, 'Av. Libertador 1011', 1100000, '2023-04-01', 'proveedor', 'Venezolana', 104, 1004, 'juridico', 'J-33445566-4', 'Servicios LMN', 'LMN Ltda.', 'www.servicioslmn.com');

INSERT INTO comercial (codigo_com, direccion_com, monto_acreditado_com, fecha_inicio_operacion_com, tipo_com, nacionalidad_com, fk_lugar, fk_usuario, tipo_comercial_com, rif_jur, denominacion_comercial_jur, razon_social_jur, pagina_web_jur)
VALUES (5, 'Calle Cuarta 1213', 1300000, '2023-05-01', 'proveedor', 'Venezolana', 105, 1005, 'juridico', 'J-55667788-5', 'Empresa OPQ', 'OPQ Inc.', 'www.empresaopq.com');

INSERT INTO comercial (codigo_com, direccion_com, monto_acreditado_com, fecha_inicio_operacion_com, tipo_com, nacionalidad_com, fk_lugar, fk_usuario, tipo_comercial_com, rif_jur, denominacion_comercial_jur, razon_social_jur, pagina_web_jur)
VALUES (6, 'Av. Independencia 1415', 1400000, '2023-06-01', 'proveedor', 'Venezolana', 106, 1006, 'juridico', 'J-66778899-6', 'Comercial RST', 'RST C.A.', 'www.comercialrst.com');

INSERT INTO comercial (codigo_com, direccion_com, monto_acreditado_com, fecha_inicio_operacion_com, tipo_com, nacionalidad_com, fk_lugar, fk_usuario, tipo_comercial_com, rif_jur, denominacion_comercial_jur, razon_social_jur, pagina_web_jur)
VALUES (7, 'Av. Quinta 1617', 1600000, '2023-07-01', 'proveedor', 'Venezolana', 107, 1007, 'juridico', 'J-77889900-7', 'Distribuidora UVW', 'UVW Ltda.', 'www.distribuidorauvw.com');

INSERT INTO comercial (codigo_com, direccion_com, monto_acreditado_com, fecha_inicio_operacion_com, tipo_com, nacionalidad_com, fk_lugar, fk_usuario, tipo_comercial_com, rif_jur, denominacion_comercial_jur, razon_social_jur, pagina_web_jur)
VALUES (8, 'Av. Sexta 1819', 1700000, '2023-08-01', 'proveedor', 'Venezolana', 108, 1008, 'juridico', 'J-88990011-8', 'Servicios XYZ', 'XYZ Ltda.', 'www.serviciosxyz.com');

INSERT INTO comercial (codigo_com, direccion_com, monto_acreditado_com, fecha_inicio_operacion_com, tipo_com, nacionalidad_com, fk_lugar, fk_usuario, tipo_comercial_com, rif_jur, denominacion_comercial_jur, razon_social_jur, pagina_web_jur)
VALUES (9, 'Av. Principal 2021', 1800000, '2023-09-01', 'proveedor', 'Venezolana', 109, 1009, 'juridico', 'J-99001122-9', 'Comercial ABC', 'ABC C.A.', 'www.comercialabc.com');

INSERT INTO comercial (codigo_com, direccion_com, monto_acreditado_com, fecha_inicio_operacion_com, tipo_com, nacionalidad_com, fk_lugar, fk_usuario, tipo_comercial_com, rif_jur, denominacion_comercial_jur, razon_social_jur, pagina_web_jur)
VALUES (10, 'Calle Septima 2223', 1900000, '2023-10-01', 'proveedor', 'Venezolana', 110, 1010, 'juridico', 'J-10111213-0', 'Empresa DEF', 'DEF Inc.', 'www.empresadef.com');

INSERT INTO comercial (codigo_com, direccion_com, monto_acreditado_com, fecha_inicio_operacion_com, tipo_com, nacionalidad_com, fk_lugar, fk_usuario, tipo_comercial_com, rif_jur, denominacion_comercial_jur, razon_social_jur, pagina_web_jur)
VALUES (11, 'Av. Octava 2425', 500000, '2023-11-01', 'cliente', 'Venezolana', 111, 1011, 'juridico', 'J-11223344-1', 'Consultora GHI', 'GHI Ltda.', 'www.consultoraghi.com');

INSERT INTO comercial (codigo_com, direccion_com, monto_acreditado_com, fecha_inicio_operacion_com, tipo_com, nacionalidad_com, fk_lugar, fk_usuario, tipo_comercial_com, rif_jur, denominacion_comercial_jur, razon_social_jur, pagina_web_jur)
VALUES (12, 'Calle Novena 2627', 600000, '2023-12-01', 'cliente', 'Venezolana', 112, 1012, 'juridico', 'J-22334455-2', 'Servicios JKL', 'JKL Ltda.', 'www.serviciosjkl.com');

INSERT INTO comercial (codigo_com, direccion_com, monto_acreditado_com, fecha_inicio_operacion_com, tipo_com, nacionalidad_com, fk_lugar, fk_usuario, tipo_comercial_com, rif_jur, denominacion_comercial_jur, razon_social_jur, pagina_web_jur)
VALUES (13, 'Av. Decima 2829', 700000, '2024-01-01', 'cliente', 'Venezolana', 113, 1013, 'juridico', 'J-33445566-3', 'Empresa MNO', 'MNO S.A.', 'www.empresamno.com');

INSERT INTO comercial (codigo_com, direccion_com, monto_acreditado_com, fecha_inicio_operacion_com, tipo_com, nacionalidad_com, fk_lugar, fk_usuario, tipo_comercial_com, rif_jur, denominacion_comercial_jur, razon_social_jur, pagina_web_jur)
VALUES (14, 'Calle Once 3031', 800000, '2024-02-01', 'cliente', 'Venezolana', 114, 1014, 'juridico', 'J-44556677-4', 'Comercial PQR', 'PQR Ltda.', 'www.comercialpqr.com');

INSERT INTO comercial (codigo_com, direccion_com, monto_acreditado_com, fecha_inicio_operacion_com, tipo_com, nacionalidad_com, fk_lugar, fk_usuario, tipo_comercial_com, rif_jur, denominacion_comercial_jur, razon_social_jur, pagina_web_jur)
VALUES (15, 'Av. Doce 3233', 900000, '2024-03-01', 'cliente', 'Venezolana',115,1015,'juridico','J-55667788-6','Comercial STU', 'STU Pogu.','www.comercialstu.com');

INSERT INTO comercial (codigo_com, direccion_com, monto_acreditado_com, fecha_inicio_operacion_com, tipo_com, nacionalidad_com, fk_lugar, fk_usuario, tipo_comercial_com, cedula_nat, primer_nombre_nat, segundo_nombre_nat, primer_apellido_nat, segundo_apellido_nat)
VALUES (18, 'Av. Quince 3839', 320000, '2023-07-01', 'cliente', 'Venezolana', 107, 1016, 'natural', 'V-23456789-0', 'Pedro', 'Andrés', 'Martínez', 'Hernández');

INSERT INTO comercial (codigo_com, direccion_com, monto_acreditado_com, fecha_inicio_operacion_com, tipo_com, nacionalidad_com, fk_lugar, fk_usuario, tipo_comercial_com, cedula_nat, primer_nombre_nat, segundo_nombre_nat, primer_apellido_nat, segundo_apellido_nat)
VALUES (19, 'Calle Dieciséis 4041', 340000, '2023-08-01', 'cliente', 'Venezolana', 108, 1017, 'natural', 'V-34567890-1', 'Ana', 'Lucía', 'Rodríguez', 'Pérez');

INSERT INTO comercial (codigo_com, direccion_com, monto_acreditado_com, fecha_inicio_operacion_com, tipo_com, nacionalidad_com, fk_lugar, fk_usuario, tipo_comercial_com, cedula_nat, primer_nombre_nat, segundo_nombre_nat, primer_apellido_nat, segundo_apellido_nat)
VALUES (20, 'Av. Diecisiete 4243', 360000, '2023-09-01', 'cliente', 'Venezolana', 109, 1018, 'natural', 'V-45678901-2', 'Luis', 'Antonio', 'Fernández', 'García');

INSERT INTO comercial (codigo_com, direccion_com, monto_acreditado_com, fecha_inicio_operacion_com, tipo_com, nacionalidad_com, fk_lugar, fk_usuario, tipo_comercial_com, cedula_nat, primer_nombre_nat, segundo_nombre_nat, primer_apellido_nat, segundo_apellido_nat)
VALUES (21, 'Calle Dieciocho 4445', 380000, '2023-10-01', 'cliente', 'Venezolana', 110, 1019, 'natural', 'V-56789012-3', 'Sofía', 'María', 'López', 'Méndez');

INSERT INTO comercial (codigo_com, direccion_com, monto_acreditado_com, fecha_inicio_operacion_com, tipo_com, nacionalidad_com, fk_lugar, fk_usuario, tipo_comercial_com, cedula_nat, primer_nombre_nat, segundo_nombre_nat, primer_apellido_nat, segundo_apellido_nat)
VALUES (22, 'Av. Diecinueve 4647', 400000, '2023-11-01', 'cliente', 'Venezolana', 111, 1020, 'natural', 'V-67890123-4', 'Carlos', 'Enrique', 'Gómez', 'Ramírez');


